Copyright 1986-2018 Xilinx, Inc. All Rights Reserved.
-----------------------------------------------------------------------------------------------------------------------------------------------------------------------------------------------
| Tool Version : Vivado v.2018.2 (win64) Build 2258646 Thu Jun 14 20:03:12 MDT 2018
| Date         : Thu Sep 17 00:30:19 2026
| Host         : RoshaanWasif running 64-bit major release  (build 9200)
| Command      : report_timing_summary -max_paths 10 -file fpga_top_timing_summary_routed.rpt -pb fpga_top_timing_summary_routed.pb -rpx fpga_top_timing_summary_routed.rpx -warn_on_violation
| Design       : fpga_top
| Device       : 7a100t-csg324
| Speed File   : -1  PRODUCTION 1.22 2018-03-21
-----------------------------------------------------------------------------------------------------------------------------------------------------------------------------------------------

Timing Summary Report

------------------------------------------------------------------------------------------------
| Timer Settings
| --------------
------------------------------------------------------------------------------------------------

  Enable Multi Corner Analysis               :  Yes
  Enable Pessimism Removal                   :  Yes
  Pessimism Removal Resolution               :  Nearest Common Node
  Enable Input Delay Default Clock           :  No
  Enable Preset / Clear Arcs                 :  No
  Disable Flight Delays                      :  No
  Ignore I/O Paths                           :  No
  Timing Early Launch at Borrowing Latches   :  false

  Corner  Analyze    Analyze    
  Name    Max Paths  Min Paths  
  ------  ---------  ---------  
  Slow    Yes        Yes        
  Fast    Yes        Yes        



check_timing report

Table of Contents
-----------------
1. checking no_clock
2. checking constant_clock
3. checking pulse_width_clock
4. checking unconstrained_internal_endpoints
5. checking no_input_delay
6. checking no_output_delay
7. checking multiple_clock
8. checking generated_clocks
9. checking loops
10. checking partial_input_delay
11. checking partial_output_delay
12. checking latch_loops

1. checking no_clock
--------------------
 There are 0 register/latch pins with no clock.


2. checking constant_clock
--------------------------
 There are 0 register/latch pins with constant_clock.


3. checking pulse_width_clock
-----------------------------
 There are 0 register/latch pins which need pulse_width check


4. checking unconstrained_internal_endpoints
--------------------------------------------
 There are 0 pins that are not constrained for maximum delay.

 There are 0 pins that are not constrained for maximum delay due to constant clock.


5. checking no_input_delay
--------------------------
 There are 8 input ports with no input delay specified. (HIGH)

 There are 0 input ports with no input delay but user has a false path constraint.


6. checking no_output_delay
---------------------------
 There are 16 ports with no output delay specified. (HIGH)

 There are 0 ports with no output delay but user has a false path constraint

 There are 0 ports with no output delay but with a timing clock defined on it or propagating through it


7. checking multiple_clock
--------------------------
 There are 0 register/latch pins with multiple clocks.


8. checking generated_clocks
----------------------------
 There are 0 generated clocks that are not connected to a clock source.


9. checking loops
-----------------
 There are 0 combinational loops in the design.


10. checking partial_input_delay
--------------------------------
 There are 0 input ports with partial input delay specified.


11. checking partial_output_delay
---------------------------------
 There are 0 ports with partial output delay specified.


12. checking latch_loops
------------------------
 There are 0 combinational latch loops in the design through latch input



------------------------------------------------------------------------------------------------
| Design Timing Summary
| ---------------------
------------------------------------------------------------------------------------------------

    WNS(ns)      TNS(ns)  TNS Failing Endpoints  TNS Total Endpoints      WHS(ns)      THS(ns)  THS Failing Endpoints  THS Total Endpoints     WPWS(ns)     TPWS(ns)  TPWS Failing Endpoints  TPWS Total Endpoints  
    -------      -------  ---------------------  -------------------      -------      -------  ---------------------  -------------------     --------     --------  ----------------------  --------------------  
      2.698        0.000                      0                 2051        0.056        0.000                      0                 2051        4.500        0.000                       0                  1004  


All user specified timing constraints are met.


------------------------------------------------------------------------------------------------
| Clock Summary
| -------------
------------------------------------------------------------------------------------------------

Clock        Waveform(ns)       Period(ns)      Frequency(MHz)
-----        ------------       ----------      --------------
sys_clk_pin  {0.000 5.000}      10.000          100.000         


------------------------------------------------------------------------------------------------
| Intra Clock Table
| -----------------
------------------------------------------------------------------------------------------------

Clock             WNS(ns)      TNS(ns)  TNS Failing Endpoints  TNS Total Endpoints      WHS(ns)      THS(ns)  THS Failing Endpoints  THS Total Endpoints     WPWS(ns)     TPWS(ns)  TPWS Failing Endpoints  TPWS Total Endpoints  
-----             -------      -------  ---------------------  -------------------      -------      -------  ---------------------  -------------------     --------     --------  ----------------------  --------------------  
sys_clk_pin         2.698        0.000                      0                 2051        0.056        0.000                      0                 2051        4.500        0.000                       0                  1004  


------------------------------------------------------------------------------------------------
| Inter Clock Table
| -----------------
------------------------------------------------------------------------------------------------

From Clock    To Clock          WNS(ns)      TNS(ns)  TNS Failing Endpoints  TNS Total Endpoints      WHS(ns)      THS(ns)  THS Failing Endpoints  THS Total Endpoints  
----------    --------          -------      -------  ---------------------  -------------------      -------      -------  ---------------------  -------------------  


------------------------------------------------------------------------------------------------
| Other Path Groups Table
| -----------------------
------------------------------------------------------------------------------------------------

Path Group    From Clock    To Clock          WNS(ns)      TNS(ns)  TNS Failing Endpoints  TNS Total Endpoints      WHS(ns)      THS(ns)  THS Failing Endpoints  THS Total Endpoints  
----------    ----------    --------          -------      -------  ---------------------  -------------------      -------      -------  ---------------------  -------------------  


------------------------------------------------------------------------------------------------
| Timing Details
| --------------
------------------------------------------------------------------------------------------------


---------------------------------------------------------------------------------------------------
From Clock:  sys_clk_pin
  To Clock:  sys_clk_pin

Setup :            0  Failing Endpoints,  Worst Slack        2.698ns,  Total Violation        0.000ns
Hold  :            0  Failing Endpoints,  Worst Slack        0.056ns,  Total Violation        0.000ns
PW    :            0  Failing Endpoints,  Worst Slack        4.500ns,  Total Violation        0.000ns
---------------------------------------------------------------------------------------------------


Max Delay Paths
--------------------------------------------------------------------------------------
Slack (MET) :             2.698ns  (required time - arrival time)
  Source:                 uut/read_addr_reg[1]/C
                            (rising edge-triggered cell FDCE clocked by sys_clk_pin  {rise@0.000ns fall@5.000ns period=10.000ns})
  Destination:            uut/pre_add_reg_reg[9]/D
                            (rising edge-triggered cell FDCE clocked by sys_clk_pin  {rise@0.000ns fall@5.000ns period=10.000ns})
  Path Group:             sys_clk_pin
  Path Type:              Setup (Max at Slow Process Corner)
  Requirement:            10.000ns  (sys_clk_pin rise@10.000ns - sys_clk_pin rise@0.000ns)
  Data Path Delay:        7.318ns  (logic 2.451ns (33.492%)  route 4.867ns (66.508%))
  Logic Levels:           8  (CARRY4=3 LUT3=1 LUT5=1 LUT6=2 MUXF7=1)
  Clock Path Skew:        -0.024ns (DCD - SCD + CPR)
    Destination Clock Delay (DCD):    5.113ns = ( 15.113 - 10.000 ) 
    Source Clock Delay      (SCD):    5.421ns
    Clock Pessimism Removal (CPR):    0.283ns
  Clock Uncertainty:      0.035ns  ((TSJ^2 + TIJ^2)^1/2 + DJ) / 2 + PE
    Total System Jitter     (TSJ):    0.071ns
    Total Input Jitter      (TIJ):    0.000ns
    Discrete Jitter          (DJ):    0.000ns
    Phase Error              (PE):    0.000ns

    Location             Delay type                Incr(ns)  Path(ns)    Netlist Resource(s)
  -------------------------------------------------------------------    -------------------
                         (clock sys_clk_pin rise edge)
                                                      0.000     0.000 r  
    E3                                                0.000     0.000 r  clk (IN)
                         net (fo=0)                   0.000     0.000    clk
    E3                   IBUF (Prop_ibuf_I_O)         1.482     1.482 r  clk_IBUF_inst/O
                         net (fo=1, routed)           2.025     3.506    clk_IBUF
    BUFGCTRL_X0Y16       BUFG (Prop_bufg_I_O)         0.096     3.602 r  clk_IBUF_BUFG_inst/O
                         net (fo=1003, routed)        1.818     5.421    uut/clk_IBUF_BUFG
    SLICE_X14Y39         FDCE                                         r  uut/read_addr_reg[1]/C
  -------------------------------------------------------------------    -------------------
    SLICE_X14Y39         FDCE (Prop_fdce_C_Q)         0.518     5.939 r  uut/read_addr_reg[1]/Q
                         net (fo=128, routed)         1.813     7.752    uut/read_addr_reg__0[1]
    SLICE_X29Y40         LUT6 (Prop_lut6_I2_O)        0.124     7.876 r  uut/pre_add_reg0_carry_i_185/O
                         net (fo=1, routed)           0.000     7.876    uut/pre_add_reg0_carry_i_185_n_0
    SLICE_X29Y40         MUXF7 (Prop_muxf7_I0_O)      0.212     8.088 r  uut/pre_add_reg0_carry_i_81/O
                         net (fo=1, routed)           0.996     9.084    uut/pre_add_reg0_carry_i_81_n_0
    SLICE_X28Y36         LUT6 (Prop_lut6_I0_O)        0.299     9.383 r  uut/pre_add_reg0_carry_i_31/O
                         net (fo=1, routed)           1.094    10.477    uut/pre_add_reg0_carry_i_31_n_0
    SLICE_X15Y40         LUT5 (Prop_lut5_I2_O)        0.124    10.601 r  uut/pre_add_reg0_carry_i_6/O
                         net (fo=1, routed)           0.000    10.601    uut/pre_add_reg0_carry_i_6_n_0
    SLICE_X15Y40         CARRY4 (Prop_carry4_S[2]_CO[3])
                                                      0.398    10.999 r  uut/pre_add_reg0_carry/CO[3]
                         net (fo=1, routed)           0.000    10.999    uut/pre_add_reg0_carry_n_0
    SLICE_X15Y41         CARRY4 (Prop_carry4_CI_CO[3])
                                                      0.114    11.113 r  uut/pre_add_reg0_carry__0/CO[3]
                         net (fo=1, routed)           0.000    11.113    uut/pre_add_reg0_carry__0_n_0
    SLICE_X15Y42         CARRY4 (Prop_carry4_CI_O[1])
                                                      0.334    11.447 r  uut/pre_add_reg0_carry__1/O[1]
                         net (fo=1, routed)           0.964    12.411    uut/data1[9]
    SLICE_X13Y41         LUT3 (Prop_lut3_I2_O)        0.328    12.739 r  uut/pre_add_reg[9]_i_1/O
                         net (fo=1, routed)           0.000    12.739    uut/pre_add_reg[9]
    SLICE_X13Y41         FDCE                                         r  uut/pre_add_reg_reg[9]/D
  -------------------------------------------------------------------    -------------------

                         (clock sys_clk_pin rise edge)
                                                     10.000    10.000 r  
    E3                                                0.000    10.000 r  clk (IN)
                         net (fo=0)                   0.000    10.000    clk
    E3                   IBUF (Prop_ibuf_I_O)         1.411    11.411 r  clk_IBUF_inst/O
                         net (fo=1, routed)           1.920    13.331    clk_IBUF
    BUFGCTRL_X0Y16       BUFG (Prop_bufg_I_O)         0.091    13.422 r  clk_IBUF_BUFG_inst/O
                         net (fo=1003, routed)        1.691    15.113    uut/clk_IBUF_BUFG
    SLICE_X13Y41         FDCE                                         r  uut/pre_add_reg_reg[9]/C
                         clock pessimism              0.283    15.397    
                         clock uncertainty           -0.035    15.361    
    SLICE_X13Y41         FDCE (Setup_fdce_C_D)        0.075    15.436    uut/pre_add_reg_reg[9]
  -------------------------------------------------------------------
                         required time                         15.436    
                         arrival time                         -12.739    
  -------------------------------------------------------------------
                         slack                                  2.698    

Slack (MET) :             2.968ns  (required time - arrival time)
  Source:                 uut/read_addr_reg[1]/C
                            (rising edge-triggered cell FDCE clocked by sys_clk_pin  {rise@0.000ns fall@5.000ns period=10.000ns})
  Destination:            uut/pre_add_reg_reg[5]/D
                            (rising edge-triggered cell FDCE clocked by sys_clk_pin  {rise@0.000ns fall@5.000ns period=10.000ns})
  Path Group:             sys_clk_pin
  Path Type:              Setup (Max at Slow Process Corner)
  Requirement:            10.000ns  (sys_clk_pin rise@10.000ns - sys_clk_pin rise@0.000ns)
  Data Path Delay:        7.091ns  (logic 2.334ns (32.916%)  route 4.757ns (67.084%))
  Logic Levels:           7  (CARRY4=2 LUT3=1 LUT5=1 LUT6=2 MUXF7=1)
  Clock Path Skew:        -0.024ns (DCD - SCD + CPR)
    Destination Clock Delay (DCD):    5.113ns = ( 15.113 - 10.000 ) 
    Source Clock Delay      (SCD):    5.421ns
    Clock Pessimism Removal (CPR):    0.283ns
  Clock Uncertainty:      0.035ns  ((TSJ^2 + TIJ^2)^1/2 + DJ) / 2 + PE
    Total System Jitter     (TSJ):    0.071ns
    Total Input Jitter      (TIJ):    0.000ns
    Discrete Jitter          (DJ):    0.000ns
    Phase Error              (PE):    0.000ns

    Location             Delay type                Incr(ns)  Path(ns)    Netlist Resource(s)
  -------------------------------------------------------------------    -------------------
                         (clock sys_clk_pin rise edge)
                                                      0.000     0.000 r  
    E3                                                0.000     0.000 r  clk (IN)
                         net (fo=0)                   0.000     0.000    clk
    E3                   IBUF (Prop_ibuf_I_O)         1.482     1.482 r  clk_IBUF_inst/O
                         net (fo=1, routed)           2.025     3.506    clk_IBUF
    BUFGCTRL_X0Y16       BUFG (Prop_bufg_I_O)         0.096     3.602 r  clk_IBUF_BUFG_inst/O
                         net (fo=1003, routed)        1.818     5.421    uut/clk_IBUF_BUFG
    SLICE_X14Y39         FDCE                                         r  uut/read_addr_reg[1]/C
  -------------------------------------------------------------------    -------------------
    SLICE_X14Y39         FDCE (Prop_fdce_C_Q)         0.518     5.939 r  uut/read_addr_reg[1]/Q
                         net (fo=128, routed)         1.813     7.752    uut/read_addr_reg__0[1]
    SLICE_X29Y40         LUT6 (Prop_lut6_I2_O)        0.124     7.876 r  uut/pre_add_reg0_carry_i_185/O
                         net (fo=1, routed)           0.000     7.876    uut/pre_add_reg0_carry_i_185_n_0
    SLICE_X29Y40         MUXF7 (Prop_muxf7_I0_O)      0.212     8.088 r  uut/pre_add_reg0_carry_i_81/O
                         net (fo=1, routed)           0.996     9.084    uut/pre_add_reg0_carry_i_81_n_0
    SLICE_X28Y36         LUT6 (Prop_lut6_I0_O)        0.299     9.383 r  uut/pre_add_reg0_carry_i_31/O
                         net (fo=1, routed)           1.094    10.477    uut/pre_add_reg0_carry_i_31_n_0
    SLICE_X15Y40         LUT5 (Prop_lut5_I2_O)        0.124    10.601 r  uut/pre_add_reg0_carry_i_6/O
                         net (fo=1, routed)           0.000    10.601    uut/pre_add_reg0_carry_i_6_n_0
    SLICE_X15Y40         CARRY4 (Prop_carry4_S[2]_CO[3])
                                                      0.398    10.999 r  uut/pre_add_reg0_carry/CO[3]
                         net (fo=1, routed)           0.000    10.999    uut/pre_add_reg0_carry_n_0
    SLICE_X15Y41         CARRY4 (Prop_carry4_CI_O[1])
                                                      0.334    11.333 r  uut/pre_add_reg0_carry__0/O[1]
                         net (fo=1, routed)           0.854    12.186    uut/data1[5]
    SLICE_X14Y41         LUT3 (Prop_lut3_I2_O)        0.325    12.511 r  uut/pre_add_reg[5]_i_1/O
                         net (fo=1, routed)           0.000    12.511    uut/pre_add_reg[5]
    SLICE_X14Y41         FDCE                                         r  uut/pre_add_reg_reg[5]/D
  -------------------------------------------------------------------    -------------------

                         (clock sys_clk_pin rise edge)
                                                     10.000    10.000 r  
    E3                                                0.000    10.000 r  clk (IN)
                         net (fo=0)                   0.000    10.000    clk
    E3                   IBUF (Prop_ibuf_I_O)         1.411    11.411 r  clk_IBUF_inst/O
                         net (fo=1, routed)           1.920    13.331    clk_IBUF
    BUFGCTRL_X0Y16       BUFG (Prop_bufg_I_O)         0.091    13.422 r  clk_IBUF_BUFG_inst/O
                         net (fo=1003, routed)        1.691    15.113    uut/clk_IBUF_BUFG
    SLICE_X14Y41         FDCE                                         r  uut/pre_add_reg_reg[5]/C
                         clock pessimism              0.283    15.397    
                         clock uncertainty           -0.035    15.361    
    SLICE_X14Y41         FDCE (Setup_fdce_C_D)        0.118    15.479    uut/pre_add_reg_reg[5]
  -------------------------------------------------------------------
                         required time                         15.479    
                         arrival time                         -12.511    
  -------------------------------------------------------------------
                         slack                                  2.968    

Slack (MET) :             3.121ns  (required time - arrival time)
  Source:                 uut/read_addr_reg[1]/C
                            (rising edge-triggered cell FDCE clocked by sys_clk_pin  {rise@0.000ns fall@5.000ns period=10.000ns})
  Destination:            uut/pre_add_reg_reg[11]/D
                            (rising edge-triggered cell FDCE clocked by sys_clk_pin  {rise@0.000ns fall@5.000ns period=10.000ns})
  Path Group:             sys_clk_pin
  Path Type:              Setup (Max at Slow Process Corner)
  Requirement:            10.000ns  (sys_clk_pin rise@10.000ns - sys_clk_pin rise@0.000ns)
  Data Path Delay:        6.937ns  (logic 2.434ns (35.088%)  route 4.503ns (64.912%))
  Logic Levels:           8  (CARRY4=3 LUT3=1 LUT5=1 LUT6=2 MUXF7=1)
  Clock Path Skew:        -0.025ns (DCD - SCD + CPR)
    Destination Clock Delay (DCD):    5.112ns = ( 15.112 - 10.000 ) 
    Source Clock Delay      (SCD):    5.421ns
    Clock Pessimism Removal (CPR):    0.283ns
  Clock Uncertainty:      0.035ns  ((TSJ^2 + TIJ^2)^1/2 + DJ) / 2 + PE
    Total System Jitter     (TSJ):    0.071ns
    Total Input Jitter      (TIJ):    0.000ns
    Discrete Jitter          (DJ):    0.000ns
    Phase Error              (PE):    0.000ns

    Location             Delay type                Incr(ns)  Path(ns)    Netlist Resource(s)
  -------------------------------------------------------------------    -------------------
                         (clock sys_clk_pin rise edge)
                                                      0.000     0.000 r  
    E3                                                0.000     0.000 r  clk (IN)
                         net (fo=0)                   0.000     0.000    clk
    E3                   IBUF (Prop_ibuf_I_O)         1.482     1.482 r  clk_IBUF_inst/O
                         net (fo=1, routed)           2.025     3.506    clk_IBUF
    BUFGCTRL_X0Y16       BUFG (Prop_bufg_I_O)         0.096     3.602 r  clk_IBUF_BUFG_inst/O
                         net (fo=1003, routed)        1.818     5.421    uut/clk_IBUF_BUFG
    SLICE_X14Y39         FDCE                                         r  uut/read_addr_reg[1]/C
  -------------------------------------------------------------------    -------------------
    SLICE_X14Y39         FDCE (Prop_fdce_C_Q)         0.518     5.939 r  uut/read_addr_reg[1]/Q
                         net (fo=128, routed)         1.813     7.752    uut/read_addr_reg__0[1]
    SLICE_X29Y40         LUT6 (Prop_lut6_I2_O)        0.124     7.876 r  uut/pre_add_reg0_carry_i_185/O
                         net (fo=1, routed)           0.000     7.876    uut/pre_add_reg0_carry_i_185_n_0
    SLICE_X29Y40         MUXF7 (Prop_muxf7_I0_O)      0.212     8.088 r  uut/pre_add_reg0_carry_i_81/O
                         net (fo=1, routed)           0.996     9.084    uut/pre_add_reg0_carry_i_81_n_0
    SLICE_X28Y36         LUT6 (Prop_lut6_I0_O)        0.299     9.383 r  uut/pre_add_reg0_carry_i_31/O
                         net (fo=1, routed)           1.094    10.477    uut/pre_add_reg0_carry_i_31_n_0
    SLICE_X15Y40         LUT5 (Prop_lut5_I2_O)        0.124    10.601 r  uut/pre_add_reg0_carry_i_6/O
                         net (fo=1, routed)           0.000    10.601    uut/pre_add_reg0_carry_i_6_n_0
    SLICE_X15Y40         CARRY4 (Prop_carry4_S[2]_CO[3])
                                                      0.398    10.999 r  uut/pre_add_reg0_carry/CO[3]
                         net (fo=1, routed)           0.000    10.999    uut/pre_add_reg0_carry_n_0
    SLICE_X15Y41         CARRY4 (Prop_carry4_CI_CO[3])
                                                      0.114    11.113 r  uut/pre_add_reg0_carry__0/CO[3]
                         net (fo=1, routed)           0.000    11.113    uut/pre_add_reg0_carry__0_n_0
    SLICE_X15Y42         CARRY4 (Prop_carry4_CI_O[3])
                                                      0.313    11.426 r  uut/pre_add_reg0_carry__1/O[3]
                         net (fo=1, routed)           0.600    12.026    uut/data1[11]
    SLICE_X14Y40         LUT3 (Prop_lut3_I2_O)        0.332    12.358 r  uut/pre_add_reg[11]_i_1/O
                         net (fo=1, routed)           0.000    12.358    uut/pre_add_reg[11]
    SLICE_X14Y40         FDCE                                         r  uut/pre_add_reg_reg[11]/D
  -------------------------------------------------------------------    -------------------

                         (clock sys_clk_pin rise edge)
                                                     10.000    10.000 r  
    E3                                                0.000    10.000 r  clk (IN)
                         net (fo=0)                   0.000    10.000    clk
    E3                   IBUF (Prop_ibuf_I_O)         1.411    11.411 r  clk_IBUF_inst/O
                         net (fo=1, routed)           1.920    13.331    clk_IBUF
    BUFGCTRL_X0Y16       BUFG (Prop_bufg_I_O)         0.091    13.422 r  clk_IBUF_BUFG_inst/O
                         net (fo=1003, routed)        1.690    15.112    uut/clk_IBUF_BUFG
    SLICE_X14Y40         FDCE                                         r  uut/pre_add_reg_reg[11]/C
                         clock pessimism              0.283    15.396    
                         clock uncertainty           -0.035    15.360    
    SLICE_X14Y40         FDCE (Setup_fdce_C_D)        0.118    15.478    uut/pre_add_reg_reg[11]
  -------------------------------------------------------------------
                         required time                         15.478    
                         arrival time                         -12.358    
  -------------------------------------------------------------------
                         slack                                  3.121    

Slack (MET) :             3.121ns  (required time - arrival time)
  Source:                 uut/read_addr_reg[1]/C
                            (rising edge-triggered cell FDCE clocked by sys_clk_pin  {rise@0.000ns fall@5.000ns period=10.000ns})
  Destination:            uut/pre_add_reg_reg[12]/D
                            (rising edge-triggered cell FDCE clocked by sys_clk_pin  {rise@0.000ns fall@5.000ns period=10.000ns})
  Path Group:             sys_clk_pin
  Path Type:              Setup (Max at Slow Process Corner)
  Requirement:            10.000ns  (sys_clk_pin rise@10.000ns - sys_clk_pin rise@0.000ns)
  Data Path Delay:        6.897ns  (logic 2.424ns (35.147%)  route 4.473ns (64.853%))
  Logic Levels:           9  (CARRY4=4 LUT3=1 LUT5=1 LUT6=2 MUXF7=1)
  Clock Path Skew:        -0.024ns (DCD - SCD + CPR)
    Destination Clock Delay (DCD):    5.113ns = ( 15.113 - 10.000 ) 
    Source Clock Delay      (SCD):    5.421ns
    Clock Pessimism Removal (CPR):    0.283ns
  Clock Uncertainty:      0.035ns  ((TSJ^2 + TIJ^2)^1/2 + DJ) / 2 + PE
    Total System Jitter     (TSJ):    0.071ns
    Total Input Jitter      (TIJ):    0.000ns
    Discrete Jitter          (DJ):    0.000ns
    Phase Error              (PE):    0.000ns

    Location             Delay type                Incr(ns)  Path(ns)    Netlist Resource(s)
  -------------------------------------------------------------------    -------------------
                         (clock sys_clk_pin rise edge)
                                                      0.000     0.000 r  
    E3                                                0.000     0.000 r  clk (IN)
                         net (fo=0)                   0.000     0.000    clk
    E3                   IBUF (Prop_ibuf_I_O)         1.482     1.482 r  clk_IBUF_inst/O
                         net (fo=1, routed)           2.025     3.506    clk_IBUF
    BUFGCTRL_X0Y16       BUFG (Prop_bufg_I_O)         0.096     3.602 r  clk_IBUF_BUFG_inst/O
                         net (fo=1003, routed)        1.818     5.421    uut/clk_IBUF_BUFG
    SLICE_X14Y39         FDCE                                         r  uut/read_addr_reg[1]/C
  -------------------------------------------------------------------    -------------------
    SLICE_X14Y39         FDCE (Prop_fdce_C_Q)         0.518     5.939 r  uut/read_addr_reg[1]/Q
                         net (fo=128, routed)         1.813     7.752    uut/read_addr_reg__0[1]
    SLICE_X29Y40         LUT6 (Prop_lut6_I2_O)        0.124     7.876 r  uut/pre_add_reg0_carry_i_185/O
                         net (fo=1, routed)           0.000     7.876    uut/pre_add_reg0_carry_i_185_n_0
    SLICE_X29Y40         MUXF7 (Prop_muxf7_I0_O)      0.212     8.088 r  uut/pre_add_reg0_carry_i_81/O
                         net (fo=1, routed)           0.996     9.084    uut/pre_add_reg0_carry_i_81_n_0
    SLICE_X28Y36         LUT6 (Prop_lut6_I0_O)        0.299     9.383 r  uut/pre_add_reg0_carry_i_31/O
                         net (fo=1, routed)           1.094    10.477    uut/pre_add_reg0_carry_i_31_n_0
    SLICE_X15Y40         LUT5 (Prop_lut5_I2_O)        0.124    10.601 r  uut/pre_add_reg0_carry_i_6/O
                         net (fo=1, routed)           0.000    10.601    uut/pre_add_reg0_carry_i_6_n_0
    SLICE_X15Y40         CARRY4 (Prop_carry4_S[2]_CO[3])
                                                      0.398    10.999 r  uut/pre_add_reg0_carry/CO[3]
                         net (fo=1, routed)           0.000    10.999    uut/pre_add_reg0_carry_n_0
    SLICE_X15Y41         CARRY4 (Prop_carry4_CI_CO[3])
                                                      0.114    11.113 r  uut/pre_add_reg0_carry__0/CO[3]
                         net (fo=1, routed)           0.000    11.113    uut/pre_add_reg0_carry__0_n_0
    SLICE_X15Y42         CARRY4 (Prop_carry4_CI_CO[3])
                                                      0.114    11.227 r  uut/pre_add_reg0_carry__1/CO[3]
                         net (fo=1, routed)           0.000    11.227    uut/pre_add_reg0_carry__1_n_0
    SLICE_X15Y43         CARRY4 (Prop_carry4_CI_O[0])
                                                      0.222    11.449 r  uut/pre_add_reg0_carry__2/O[0]
                         net (fo=1, routed)           0.570    12.018    uut/data1[12]
    SLICE_X14Y42         LUT3 (Prop_lut3_I2_O)        0.299    12.317 r  uut/pre_add_reg[12]_i_1/O
                         net (fo=1, routed)           0.000    12.317    uut/pre_add_reg[12]
    SLICE_X14Y42         FDCE                                         r  uut/pre_add_reg_reg[12]/D
  -------------------------------------------------------------------    -------------------

                         (clock sys_clk_pin rise edge)
                                                     10.000    10.000 r  
    E3                                                0.000    10.000 r  clk (IN)
                         net (fo=0)                   0.000    10.000    clk
    E3                   IBUF (Prop_ibuf_I_O)         1.411    11.411 r  clk_IBUF_inst/O
                         net (fo=1, routed)           1.920    13.331    clk_IBUF
    BUFGCTRL_X0Y16       BUFG (Prop_bufg_I_O)         0.091    13.422 r  clk_IBUF_BUFG_inst/O
                         net (fo=1003, routed)        1.691    15.113    uut/clk_IBUF_BUFG
    SLICE_X14Y42         FDCE                                         r  uut/pre_add_reg_reg[12]/C
                         clock pessimism              0.283    15.397    
                         clock uncertainty           -0.035    15.361    
    SLICE_X14Y42         FDCE (Setup_fdce_C_D)        0.077    15.438    uut/pre_add_reg_reg[12]
  -------------------------------------------------------------------
                         required time                         15.438    
                         arrival time                         -12.317    
  -------------------------------------------------------------------
                         slack                                  3.121    

Slack (MET) :             3.159ns  (required time - arrival time)
  Source:                 uut/read_addr_reg[1]/C
                            (rising edge-triggered cell FDCE clocked by sys_clk_pin  {rise@0.000ns fall@5.000ns period=10.000ns})
  Destination:            uut/pre_add_reg_reg[13]/D
                            (rising edge-triggered cell FDCE clocked by sys_clk_pin  {rise@0.000ns fall@5.000ns period=10.000ns})
  Path Group:             sys_clk_pin
  Path Type:              Setup (Max at Slow Process Corner)
  Requirement:            10.000ns  (sys_clk_pin rise@10.000ns - sys_clk_pin rise@0.000ns)
  Data Path Delay:        6.860ns  (logic 2.389ns (34.825%)  route 4.471ns (65.175%))
  Logic Levels:           9  (CARRY4=4 LUT3=1 LUT5=1 LUT6=2 MUXF7=1)
  Clock Path Skew:        -0.025ns (DCD - SCD + CPR)
    Destination Clock Delay (DCD):    5.112ns = ( 15.112 - 10.000 ) 
    Source Clock Delay      (SCD):    5.421ns
    Clock Pessimism Removal (CPR):    0.283ns
  Clock Uncertainty:      0.035ns  ((TSJ^2 + TIJ^2)^1/2 + DJ) / 2 + PE
    Total System Jitter     (TSJ):    0.071ns
    Total Input Jitter      (TIJ):    0.000ns
    Discrete Jitter          (DJ):    0.000ns
    Phase Error              (PE):    0.000ns

    Location             Delay type                Incr(ns)  Path(ns)    Netlist Resource(s)
  -------------------------------------------------------------------    -------------------
                         (clock sys_clk_pin rise edge)
                                                      0.000     0.000 r  
    E3                                                0.000     0.000 r  clk (IN)
                         net (fo=0)                   0.000     0.000    clk
    E3                   IBUF (Prop_ibuf_I_O)         1.482     1.482 r  clk_IBUF_inst/O
                         net (fo=1, routed)           2.025     3.506    clk_IBUF
    BUFGCTRL_X0Y16       BUFG (Prop_bufg_I_O)         0.096     3.602 r  clk_IBUF_BUFG_inst/O
                         net (fo=1003, routed)        1.818     5.421    uut/clk_IBUF_BUFG
    SLICE_X14Y39         FDCE                                         r  uut/read_addr_reg[1]/C
  -------------------------------------------------------------------    -------------------
    SLICE_X14Y39         FDCE (Prop_fdce_C_Q)         0.518     5.939 r  uut/read_addr_reg[1]/Q
                         net (fo=128, routed)         1.813     7.752    uut/read_addr_reg__0[1]
    SLICE_X29Y40         LUT6 (Prop_lut6_I2_O)        0.124     7.876 r  uut/pre_add_reg0_carry_i_185/O
                         net (fo=1, routed)           0.000     7.876    uut/pre_add_reg0_carry_i_185_n_0
    SLICE_X29Y40         MUXF7 (Prop_muxf7_I0_O)      0.212     8.088 r  uut/pre_add_reg0_carry_i_81/O
                         net (fo=1, routed)           0.996     9.084    uut/pre_add_reg0_carry_i_81_n_0
    SLICE_X28Y36         LUT6 (Prop_lut6_I0_O)        0.299     9.383 r  uut/pre_add_reg0_carry_i_31/O
                         net (fo=1, routed)           1.094    10.477    uut/pre_add_reg0_carry_i_31_n_0
    SLICE_X15Y40         LUT5 (Prop_lut5_I2_O)        0.124    10.601 r  uut/pre_add_reg0_carry_i_6/O
                         net (fo=1, routed)           0.000    10.601    uut/pre_add_reg0_carry_i_6_n_0
    SLICE_X15Y40         CARRY4 (Prop_carry4_S[2]_CO[3])
                                                      0.398    10.999 r  uut/pre_add_reg0_carry/CO[3]
                         net (fo=1, routed)           0.000    10.999    uut/pre_add_reg0_carry_n_0
    SLICE_X15Y41         CARRY4 (Prop_carry4_CI_CO[3])
                                                      0.114    11.113 r  uut/pre_add_reg0_carry__0/CO[3]
                         net (fo=1, routed)           0.000    11.113    uut/pre_add_reg0_carry__0_n_0
    SLICE_X15Y42         CARRY4 (Prop_carry4_CI_CO[3])
                                                      0.114    11.227 r  uut/pre_add_reg0_carry__1/CO[3]
                         net (fo=1, routed)           0.000    11.227    uut/pre_add_reg0_carry__1_n_0
    SLICE_X15Y43         CARRY4 (Prop_carry4_CI_CO[1])
                                                      0.157    11.384 f  uut/pre_add_reg0_carry__2/CO[1]
                         net (fo=1, routed)           0.568    11.952    uut/pre_add_reg0_carry__2_n_2
    SLICE_X14Y40         LUT3 (Prop_lut3_I0_O)        0.329    12.281 r  uut/pre_add_reg[13]_i_1/O
                         net (fo=1, routed)           0.000    12.281    uut/pre_add_reg[13]
    SLICE_X14Y40         FDCE                                         r  uut/pre_add_reg_reg[13]/D
  -------------------------------------------------------------------    -------------------

                         (clock sys_clk_pin rise edge)
                                                     10.000    10.000 r  
    E3                                                0.000    10.000 r  clk (IN)
                         net (fo=0)                   0.000    10.000    clk
    E3                   IBUF (Prop_ibuf_I_O)         1.411    11.411 r  clk_IBUF_inst/O
                         net (fo=1, routed)           1.920    13.331    clk_IBUF
    BUFGCTRL_X0Y16       BUFG (Prop_bufg_I_O)         0.091    13.422 r  clk_IBUF_BUFG_inst/O
                         net (fo=1003, routed)        1.690    15.112    uut/clk_IBUF_BUFG
    SLICE_X14Y40         FDCE                                         r  uut/pre_add_reg_reg[13]/C
                         clock pessimism              0.283    15.396    
                         clock uncertainty           -0.035    15.360    
    SLICE_X14Y40         FDCE (Setup_fdce_C_D)        0.079    15.439    uut/pre_add_reg_reg[13]
  -------------------------------------------------------------------
                         required time                         15.439    
                         arrival time                         -12.281    
  -------------------------------------------------------------------
                         slack                                  3.159    

Slack (MET) :             3.188ns  (required time - arrival time)
  Source:                 uut/read_addr_reg[1]/C
                            (rising edge-triggered cell FDCE clocked by sys_clk_pin  {rise@0.000ns fall@5.000ns period=10.000ns})
  Destination:            uut/pre_add_reg_reg[7]/D
                            (rising edge-triggered cell FDCE clocked by sys_clk_pin  {rise@0.000ns fall@5.000ns period=10.000ns})
  Path Group:             sys_clk_pin
  Path Type:              Setup (Max at Slow Process Corner)
  Requirement:            10.000ns  (sys_clk_pin rise@10.000ns - sys_clk_pin rise@0.000ns)
  Data Path Delay:        6.785ns  (logic 2.294ns (33.810%)  route 4.491ns (66.190%))
  Logic Levels:           7  (CARRY4=2 LUT3=1 LUT5=1 LUT6=2 MUXF7=1)
  Clock Path Skew:        -0.024ns (DCD - SCD + CPR)
    Destination Clock Delay (DCD):    5.113ns = ( 15.113 - 10.000 ) 
    Source Clock Delay      (SCD):    5.421ns
    Clock Pessimism Removal (CPR):    0.283ns
  Clock Uncertainty:      0.035ns  ((TSJ^2 + TIJ^2)^1/2 + DJ) / 2 + PE
    Total System Jitter     (TSJ):    0.071ns
    Total Input Jitter      (TIJ):    0.000ns
    Discrete Jitter          (DJ):    0.000ns
    Phase Error              (PE):    0.000ns

    Location             Delay type                Incr(ns)  Path(ns)    Netlist Resource(s)
  -------------------------------------------------------------------    -------------------
                         (clock sys_clk_pin rise edge)
                                                      0.000     0.000 r  
    E3                                                0.000     0.000 r  clk (IN)
                         net (fo=0)                   0.000     0.000    clk
    E3                   IBUF (Prop_ibuf_I_O)         1.482     1.482 r  clk_IBUF_inst/O
                         net (fo=1, routed)           2.025     3.506    clk_IBUF
    BUFGCTRL_X0Y16       BUFG (Prop_bufg_I_O)         0.096     3.602 r  clk_IBUF_BUFG_inst/O
                         net (fo=1003, routed)        1.818     5.421    uut/clk_IBUF_BUFG
    SLICE_X14Y39         FDCE                                         r  uut/read_addr_reg[1]/C
  -------------------------------------------------------------------    -------------------
    SLICE_X14Y39         FDCE (Prop_fdce_C_Q)         0.518     5.939 r  uut/read_addr_reg[1]/Q
                         net (fo=128, routed)         1.813     7.752    uut/read_addr_reg__0[1]
    SLICE_X29Y40         LUT6 (Prop_lut6_I2_O)        0.124     7.876 r  uut/pre_add_reg0_carry_i_185/O
                         net (fo=1, routed)           0.000     7.876    uut/pre_add_reg0_carry_i_185_n_0
    SLICE_X29Y40         MUXF7 (Prop_muxf7_I0_O)      0.212     8.088 r  uut/pre_add_reg0_carry_i_81/O
                         net (fo=1, routed)           0.996     9.084    uut/pre_add_reg0_carry_i_81_n_0
    SLICE_X28Y36         LUT6 (Prop_lut6_I0_O)        0.299     9.383 r  uut/pre_add_reg0_carry_i_31/O
                         net (fo=1, routed)           1.094    10.477    uut/pre_add_reg0_carry_i_31_n_0
    SLICE_X15Y40         LUT5 (Prop_lut5_I2_O)        0.124    10.601 r  uut/pre_add_reg0_carry_i_6/O
                         net (fo=1, routed)           0.000    10.601    uut/pre_add_reg0_carry_i_6_n_0
    SLICE_X15Y40         CARRY4 (Prop_carry4_S[2]_CO[3])
                                                      0.398    10.999 r  uut/pre_add_reg0_carry/CO[3]
                         net (fo=1, routed)           0.000    10.999    uut/pre_add_reg0_carry_n_0
    SLICE_X15Y41         CARRY4 (Prop_carry4_CI_O[3])
                                                      0.313    11.312 r  uut/pre_add_reg0_carry__0/O[3]
                         net (fo=1, routed)           0.588    11.900    uut/data1[7]
    SLICE_X13Y41         LUT3 (Prop_lut3_I2_O)        0.306    12.206 r  uut/pre_add_reg[7]_i_1/O
                         net (fo=1, routed)           0.000    12.206    uut/pre_add_reg[7]
    SLICE_X13Y41         FDCE                                         r  uut/pre_add_reg_reg[7]/D
  -------------------------------------------------------------------    -------------------

                         (clock sys_clk_pin rise edge)
                                                     10.000    10.000 r  
    E3                                                0.000    10.000 r  clk (IN)
                         net (fo=0)                   0.000    10.000    clk
    E3                   IBUF (Prop_ibuf_I_O)         1.411    11.411 r  clk_IBUF_inst/O
                         net (fo=1, routed)           1.920    13.331    clk_IBUF
    BUFGCTRL_X0Y16       BUFG (Prop_bufg_I_O)         0.091    13.422 r  clk_IBUF_BUFG_inst/O
                         net (fo=1003, routed)        1.691    15.113    uut/clk_IBUF_BUFG
    SLICE_X13Y41         FDCE                                         r  uut/pre_add_reg_reg[7]/C
                         clock pessimism              0.283    15.397    
                         clock uncertainty           -0.035    15.361    
    SLICE_X13Y41         FDCE (Setup_fdce_C_D)        0.032    15.393    uut/pre_add_reg_reg[7]
  -------------------------------------------------------------------
                         required time                         15.393    
                         arrival time                         -12.206    
  -------------------------------------------------------------------
                         slack                                  3.188    

Slack (MET) :             3.209ns  (required time - arrival time)
  Source:                 uut/read_addr_reg[1]/C
                            (rising edge-triggered cell FDCE clocked by sys_clk_pin  {rise@0.000ns fall@5.000ns period=10.000ns})
  Destination:            uut/pre_add_reg_reg[8]/D
                            (rising edge-triggered cell FDCE clocked by sys_clk_pin  {rise@0.000ns fall@5.000ns period=10.000ns})
  Path Group:             sys_clk_pin
  Path Type:              Setup (Max at Slow Process Corner)
  Requirement:            10.000ns  (sys_clk_pin rise@10.000ns - sys_clk_pin rise@0.000ns)
  Data Path Delay:        6.849ns  (logic 2.335ns (34.092%)  route 4.514ns (65.908%))
  Logic Levels:           8  (CARRY4=3 LUT3=1 LUT5=1 LUT6=2 MUXF7=1)
  Clock Path Skew:        -0.025ns (DCD - SCD + CPR)
    Destination Clock Delay (DCD):    5.112ns = ( 15.112 - 10.000 ) 
    Source Clock Delay      (SCD):    5.421ns
    Clock Pessimism Removal (CPR):    0.283ns
  Clock Uncertainty:      0.035ns  ((TSJ^2 + TIJ^2)^1/2 + DJ) / 2 + PE
    Total System Jitter     (TSJ):    0.071ns
    Total Input Jitter      (TIJ):    0.000ns
    Discrete Jitter          (DJ):    0.000ns
    Phase Error              (PE):    0.000ns

    Location             Delay type                Incr(ns)  Path(ns)    Netlist Resource(s)
  -------------------------------------------------------------------    -------------------
                         (clock sys_clk_pin rise edge)
                                                      0.000     0.000 r  
    E3                                                0.000     0.000 r  clk (IN)
                         net (fo=0)                   0.000     0.000    clk
    E3                   IBUF (Prop_ibuf_I_O)         1.482     1.482 r  clk_IBUF_inst/O
                         net (fo=1, routed)           2.025     3.506    clk_IBUF
    BUFGCTRL_X0Y16       BUFG (Prop_bufg_I_O)         0.096     3.602 r  clk_IBUF_BUFG_inst/O
                         net (fo=1003, routed)        1.818     5.421    uut/clk_IBUF_BUFG
    SLICE_X14Y39         FDCE                                         r  uut/read_addr_reg[1]/C
  -------------------------------------------------------------------    -------------------
    SLICE_X14Y39         FDCE (Prop_fdce_C_Q)         0.518     5.939 r  uut/read_addr_reg[1]/Q
                         net (fo=128, routed)         1.813     7.752    uut/read_addr_reg__0[1]
    SLICE_X29Y40         LUT6 (Prop_lut6_I2_O)        0.124     7.876 r  uut/pre_add_reg0_carry_i_185/O
                         net (fo=1, routed)           0.000     7.876    uut/pre_add_reg0_carry_i_185_n_0
    SLICE_X29Y40         MUXF7 (Prop_muxf7_I0_O)      0.212     8.088 r  uut/pre_add_reg0_carry_i_81/O
                         net (fo=1, routed)           0.996     9.084    uut/pre_add_reg0_carry_i_81_n_0
    SLICE_X28Y36         LUT6 (Prop_lut6_I0_O)        0.299     9.383 r  uut/pre_add_reg0_carry_i_31/O
                         net (fo=1, routed)           1.094    10.477    uut/pre_add_reg0_carry_i_31_n_0
    SLICE_X15Y40         LUT5 (Prop_lut5_I2_O)        0.124    10.601 r  uut/pre_add_reg0_carry_i_6/O
                         net (fo=1, routed)           0.000    10.601    uut/pre_add_reg0_carry_i_6_n_0
    SLICE_X15Y40         CARRY4 (Prop_carry4_S[2]_CO[3])
                                                      0.398    10.999 r  uut/pre_add_reg0_carry/CO[3]
                         net (fo=1, routed)           0.000    10.999    uut/pre_add_reg0_carry_n_0
    SLICE_X15Y41         CARRY4 (Prop_carry4_CI_CO[3])
                                                      0.114    11.113 r  uut/pre_add_reg0_carry__0/CO[3]
                         net (fo=1, routed)           0.000    11.113    uut/pre_add_reg0_carry__0_n_0
    SLICE_X15Y42         CARRY4 (Prop_carry4_CI_O[0])
                                                      0.222    11.335 r  uut/pre_add_reg0_carry__1/O[0]
                         net (fo=1, routed)           0.611    11.946    uut/data1[8]
    SLICE_X14Y40         LUT3 (Prop_lut3_I2_O)        0.324    12.270 r  uut/pre_add_reg[8]_i_1/O
                         net (fo=1, routed)           0.000    12.270    uut/pre_add_reg[8]
    SLICE_X14Y40         FDCE                                         r  uut/pre_add_reg_reg[8]/D
  -------------------------------------------------------------------    -------------------

                         (clock sys_clk_pin rise edge)
                                                     10.000    10.000 r  
    E3                                                0.000    10.000 r  clk (IN)
                         net (fo=0)                   0.000    10.000    clk
    E3                   IBUF (Prop_ibuf_I_O)         1.411    11.411 r  clk_IBUF_inst/O
                         net (fo=1, routed)           1.920    13.331    clk_IBUF
    BUFGCTRL_X0Y16       BUFG (Prop_bufg_I_O)         0.091    13.422 r  clk_IBUF_BUFG_inst/O
                         net (fo=1003, routed)        1.690    15.112    uut/clk_IBUF_BUFG
    SLICE_X14Y40         FDCE                                         r  uut/pre_add_reg_reg[8]/C
                         clock pessimism              0.283    15.396    
                         clock uncertainty           -0.035    15.360    
    SLICE_X14Y40         FDCE (Setup_fdce_C_D)        0.118    15.478    uut/pre_add_reg_reg[8]
  -------------------------------------------------------------------
                         required time                         15.478    
                         arrival time                         -12.270    
  -------------------------------------------------------------------
                         slack                                  3.209    

Slack (MET) :             3.249ns  (required time - arrival time)
  Source:                 uut/read_addr_reg[1]/C
                            (rising edge-triggered cell FDCE clocked by sys_clk_pin  {rise@0.000ns fall@5.000ns period=10.000ns})
  Destination:            uut/pre_add_reg_reg[6]/D
                            (rising edge-triggered cell FDCE clocked by sys_clk_pin  {rise@0.000ns fall@5.000ns period=10.000ns})
  Path Group:             sys_clk_pin
  Path Type:              Setup (Max at Slow Process Corner)
  Requirement:            10.000ns  (sys_clk_pin rise@10.000ns - sys_clk_pin rise@0.000ns)
  Data Path Delay:        6.810ns  (logic 2.240ns (32.895%)  route 4.570ns (67.105%))
  Logic Levels:           7  (CARRY4=2 LUT3=1 LUT5=1 LUT6=2 MUXF7=1)
  Clock Path Skew:        -0.024ns (DCD - SCD + CPR)
    Destination Clock Delay (DCD):    5.113ns = ( 15.113 - 10.000 ) 
    Source Clock Delay      (SCD):    5.421ns
    Clock Pessimism Removal (CPR):    0.283ns
  Clock Uncertainty:      0.035ns  ((TSJ^2 + TIJ^2)^1/2 + DJ) / 2 + PE
    Total System Jitter     (TSJ):    0.071ns
    Total Input Jitter      (TIJ):    0.000ns
    Discrete Jitter          (DJ):    0.000ns
    Phase Error              (PE):    0.000ns

    Location             Delay type                Incr(ns)  Path(ns)    Netlist Resource(s)
  -------------------------------------------------------------------    -------------------
                         (clock sys_clk_pin rise edge)
                                                      0.000     0.000 r  
    E3                                                0.000     0.000 r  clk (IN)
                         net (fo=0)                   0.000     0.000    clk
    E3                   IBUF (Prop_ibuf_I_O)         1.482     1.482 r  clk_IBUF_inst/O
                         net (fo=1, routed)           2.025     3.506    clk_IBUF
    BUFGCTRL_X0Y16       BUFG (Prop_bufg_I_O)         0.096     3.602 r  clk_IBUF_BUFG_inst/O
                         net (fo=1003, routed)        1.818     5.421    uut/clk_IBUF_BUFG
    SLICE_X14Y39         FDCE                                         r  uut/read_addr_reg[1]/C
  -------------------------------------------------------------------    -------------------
    SLICE_X14Y39         FDCE (Prop_fdce_C_Q)         0.518     5.939 r  uut/read_addr_reg[1]/Q
                         net (fo=128, routed)         1.813     7.752    uut/read_addr_reg__0[1]
    SLICE_X29Y40         LUT6 (Prop_lut6_I2_O)        0.124     7.876 r  uut/pre_add_reg0_carry_i_185/O
                         net (fo=1, routed)           0.000     7.876    uut/pre_add_reg0_carry_i_185_n_0
    SLICE_X29Y40         MUXF7 (Prop_muxf7_I0_O)      0.212     8.088 r  uut/pre_add_reg0_carry_i_81/O
                         net (fo=1, routed)           0.996     9.084    uut/pre_add_reg0_carry_i_81_n_0
    SLICE_X28Y36         LUT6 (Prop_lut6_I0_O)        0.299     9.383 r  uut/pre_add_reg0_carry_i_31/O
                         net (fo=1, routed)           1.094    10.477    uut/pre_add_reg0_carry_i_31_n_0
    SLICE_X15Y40         LUT5 (Prop_lut5_I2_O)        0.124    10.601 r  uut/pre_add_reg0_carry_i_6/O
                         net (fo=1, routed)           0.000    10.601    uut/pre_add_reg0_carry_i_6_n_0
    SLICE_X15Y40         CARRY4 (Prop_carry4_S[2]_CO[3])
                                                      0.398    10.999 r  uut/pre_add_reg0_carry/CO[3]
                         net (fo=1, routed)           0.000    10.999    uut/pre_add_reg0_carry_n_0
    SLICE_X15Y41         CARRY4 (Prop_carry4_CI_O[2])
                                                      0.239    11.238 r  uut/pre_add_reg0_carry__0/O[2]
                         net (fo=1, routed)           0.667    11.904    uut/data1[6]
    SLICE_X14Y42         LUT3 (Prop_lut3_I2_O)        0.326    12.230 r  uut/pre_add_reg[6]_i_1/O
                         net (fo=1, routed)           0.000    12.230    uut/pre_add_reg[6]
    SLICE_X14Y42         FDCE                                         r  uut/pre_add_reg_reg[6]/D
  -------------------------------------------------------------------    -------------------

                         (clock sys_clk_pin rise edge)
                                                     10.000    10.000 r  
    E3                                                0.000    10.000 r  clk (IN)
                         net (fo=0)                   0.000    10.000    clk
    E3                   IBUF (Prop_ibuf_I_O)         1.411    11.411 r  clk_IBUF_inst/O
                         net (fo=1, routed)           1.920    13.331    clk_IBUF
    BUFGCTRL_X0Y16       BUFG (Prop_bufg_I_O)         0.091    13.422 r  clk_IBUF_BUFG_inst/O
                         net (fo=1003, routed)        1.691    15.113    uut/clk_IBUF_BUFG
    SLICE_X14Y42         FDCE                                         r  uut/pre_add_reg_reg[6]/C
                         clock pessimism              0.283    15.397    
                         clock uncertainty           -0.035    15.361    
    SLICE_X14Y42         FDCE (Setup_fdce_C_D)        0.118    15.479    uut/pre_add_reg_reg[6]
  -------------------------------------------------------------------
                         required time                         15.479    
                         arrival time                         -12.230    
  -------------------------------------------------------------------
                         slack                                  3.249    

Slack (MET) :             3.354ns  (required time - arrival time)
  Source:                 uut/read_addr_reg[1]/C
                            (rising edge-triggered cell FDCE clocked by sys_clk_pin  {rise@0.000ns fall@5.000ns period=10.000ns})
  Destination:            uut/pre_add_reg_reg[10]/D
                            (rising edge-triggered cell FDCE clocked by sys_clk_pin  {rise@0.000ns fall@5.000ns period=10.000ns})
  Path Group:             sys_clk_pin
  Path Type:              Setup (Max at Slow Process Corner)
  Requirement:            10.000ns  (sys_clk_pin rise@10.000ns - sys_clk_pin rise@0.000ns)
  Data Path Delay:        6.667ns  (logic 2.330ns (34.949%)  route 4.337ns (65.051%))
  Logic Levels:           8  (CARRY4=3 LUT3=1 LUT5=1 LUT6=2 MUXF7=1)
  Clock Path Skew:        -0.025ns (DCD - SCD + CPR)
    Destination Clock Delay (DCD):    5.112ns = ( 15.112 - 10.000 ) 
    Source Clock Delay      (SCD):    5.421ns
    Clock Pessimism Removal (CPR):    0.283ns
  Clock Uncertainty:      0.035ns  ((TSJ^2 + TIJ^2)^1/2 + DJ) / 2 + PE
    Total System Jitter     (TSJ):    0.071ns
    Total Input Jitter      (TIJ):    0.000ns
    Discrete Jitter          (DJ):    0.000ns
    Phase Error              (PE):    0.000ns

    Location             Delay type                Incr(ns)  Path(ns)    Netlist Resource(s)
  -------------------------------------------------------------------    -------------------
                         (clock sys_clk_pin rise edge)
                                                      0.000     0.000 r  
    E3                                                0.000     0.000 r  clk (IN)
                         net (fo=0)                   0.000     0.000    clk
    E3                   IBUF (Prop_ibuf_I_O)         1.482     1.482 r  clk_IBUF_inst/O
                         net (fo=1, routed)           2.025     3.506    clk_IBUF
    BUFGCTRL_X0Y16       BUFG (Prop_bufg_I_O)         0.096     3.602 r  clk_IBUF_BUFG_inst/O
                         net (fo=1003, routed)        1.818     5.421    uut/clk_IBUF_BUFG
    SLICE_X14Y39         FDCE                                         r  uut/read_addr_reg[1]/C
  -------------------------------------------------------------------    -------------------
    SLICE_X14Y39         FDCE (Prop_fdce_C_Q)         0.518     5.939 r  uut/read_addr_reg[1]/Q
                         net (fo=128, routed)         1.813     7.752    uut/read_addr_reg__0[1]
    SLICE_X29Y40         LUT6 (Prop_lut6_I2_O)        0.124     7.876 r  uut/pre_add_reg0_carry_i_185/O
                         net (fo=1, routed)           0.000     7.876    uut/pre_add_reg0_carry_i_185_n_0
    SLICE_X29Y40         MUXF7 (Prop_muxf7_I0_O)      0.212     8.088 r  uut/pre_add_reg0_carry_i_81/O
                         net (fo=1, routed)           0.996     9.084    uut/pre_add_reg0_carry_i_81_n_0
    SLICE_X28Y36         LUT6 (Prop_lut6_I0_O)        0.299     9.383 r  uut/pre_add_reg0_carry_i_31/O
                         net (fo=1, routed)           1.094    10.477    uut/pre_add_reg0_carry_i_31_n_0
    SLICE_X15Y40         LUT5 (Prop_lut5_I2_O)        0.124    10.601 r  uut/pre_add_reg0_carry_i_6/O
                         net (fo=1, routed)           0.000    10.601    uut/pre_add_reg0_carry_i_6_n_0
    SLICE_X15Y40         CARRY4 (Prop_carry4_S[2]_CO[3])
                                                      0.398    10.999 r  uut/pre_add_reg0_carry/CO[3]
                         net (fo=1, routed)           0.000    10.999    uut/pre_add_reg0_carry_n_0
    SLICE_X15Y41         CARRY4 (Prop_carry4_CI_CO[3])
                                                      0.114    11.113 r  uut/pre_add_reg0_carry__0/CO[3]
                         net (fo=1, routed)           0.000    11.113    uut/pre_add_reg0_carry__0_n_0
    SLICE_X15Y42         CARRY4 (Prop_carry4_CI_O[2])
                                                      0.239    11.352 r  uut/pre_add_reg0_carry__1/O[2]
                         net (fo=1, routed)           0.434    11.786    uut/data1[10]
    SLICE_X14Y40         LUT3 (Prop_lut3_I2_O)        0.302    12.088 r  uut/pre_add_reg[10]_i_1/O
                         net (fo=1, routed)           0.000    12.088    uut/pre_add_reg[10]
    SLICE_X14Y40         FDCE                                         r  uut/pre_add_reg_reg[10]/D
  -------------------------------------------------------------------    -------------------

                         (clock sys_clk_pin rise edge)
                                                     10.000    10.000 r  
    E3                                                0.000    10.000 r  clk (IN)
                         net (fo=0)                   0.000    10.000    clk
    E3                   IBUF (Prop_ibuf_I_O)         1.411    11.411 r  clk_IBUF_inst/O
                         net (fo=1, routed)           1.920    13.331    clk_IBUF
    BUFGCTRL_X0Y16       BUFG (Prop_bufg_I_O)         0.091    13.422 r  clk_IBUF_BUFG_inst/O
                         net (fo=1003, routed)        1.690    15.112    uut/clk_IBUF_BUFG
    SLICE_X14Y40         FDCE                                         r  uut/pre_add_reg_reg[10]/C
                         clock pessimism              0.283    15.396    
                         clock uncertainty           -0.035    15.360    
    SLICE_X14Y40         FDCE (Setup_fdce_C_D)        0.081    15.441    uut/pre_add_reg_reg[10]
  -------------------------------------------------------------------
                         required time                         15.441    
                         arrival time                         -12.088    
  -------------------------------------------------------------------
                         slack                                  3.354    

Slack (MET) :             3.490ns  (required time - arrival time)
  Source:                 uut/read_addr_reg[1]/C
                            (rising edge-triggered cell FDCE clocked by sys_clk_pin  {rise@0.000ns fall@5.000ns period=10.000ns})
  Destination:            uut/pre_add_reg_reg[4]/D
                            (rising edge-triggered cell FDCE clocked by sys_clk_pin  {rise@0.000ns fall@5.000ns period=10.000ns})
  Path Group:             sys_clk_pin
  Path Type:              Setup (Max at Slow Process Corner)
  Requirement:            10.000ns  (sys_clk_pin rise@10.000ns - sys_clk_pin rise@0.000ns)
  Data Path Delay:        6.528ns  (logic 2.196ns (33.641%)  route 4.332ns (66.359%))
  Logic Levels:           7  (CARRY4=2 LUT3=1 LUT5=1 LUT6=2 MUXF7=1)
  Clock Path Skew:        -0.024ns (DCD - SCD + CPR)
    Destination Clock Delay (DCD):    5.113ns = ( 15.113 - 10.000 ) 
    Source Clock Delay      (SCD):    5.421ns
    Clock Pessimism Removal (CPR):    0.283ns
  Clock Uncertainty:      0.035ns  ((TSJ^2 + TIJ^2)^1/2 + DJ) / 2 + PE
    Total System Jitter     (TSJ):    0.071ns
    Total Input Jitter      (TIJ):    0.000ns
    Discrete Jitter          (DJ):    0.000ns
    Phase Error              (PE):    0.000ns

    Location             Delay type                Incr(ns)  Path(ns)    Netlist Resource(s)
  -------------------------------------------------------------------    -------------------
                         (clock sys_clk_pin rise edge)
                                                      0.000     0.000 r  
    E3                                                0.000     0.000 r  clk (IN)
                         net (fo=0)                   0.000     0.000    clk
    E3                   IBUF (Prop_ibuf_I_O)         1.482     1.482 r  clk_IBUF_inst/O
                         net (fo=1, routed)           2.025     3.506    clk_IBUF
    BUFGCTRL_X0Y16       BUFG (Prop_bufg_I_O)         0.096     3.602 r  clk_IBUF_BUFG_inst/O
                         net (fo=1003, routed)        1.818     5.421    uut/clk_IBUF_BUFG
    SLICE_X14Y39         FDCE                                         r  uut/read_addr_reg[1]/C
  -------------------------------------------------------------------    -------------------
    SLICE_X14Y39         FDCE (Prop_fdce_C_Q)         0.518     5.939 r  uut/read_addr_reg[1]/Q
                         net (fo=128, routed)         1.813     7.752    uut/read_addr_reg__0[1]
    SLICE_X29Y40         LUT6 (Prop_lut6_I2_O)        0.124     7.876 r  uut/pre_add_reg0_carry_i_185/O
                         net (fo=1, routed)           0.000     7.876    uut/pre_add_reg0_carry_i_185_n_0
    SLICE_X29Y40         MUXF7 (Prop_muxf7_I0_O)      0.212     8.088 r  uut/pre_add_reg0_carry_i_81/O
                         net (fo=1, routed)           0.996     9.084    uut/pre_add_reg0_carry_i_81_n_0
    SLICE_X28Y36         LUT6 (Prop_lut6_I0_O)        0.299     9.383 r  uut/pre_add_reg0_carry_i_31/O
                         net (fo=1, routed)           1.094    10.477    uut/pre_add_reg0_carry_i_31_n_0
    SLICE_X15Y40         LUT5 (Prop_lut5_I2_O)        0.124    10.601 r  uut/pre_add_reg0_carry_i_6/O
                         net (fo=1, routed)           0.000    10.601    uut/pre_add_reg0_carry_i_6_n_0
    SLICE_X15Y40         CARRY4 (Prop_carry4_S[2]_CO[3])
                                                      0.398    10.999 r  uut/pre_add_reg0_carry/CO[3]
                         net (fo=1, routed)           0.000    10.999    uut/pre_add_reg0_carry_n_0
    SLICE_X15Y41         CARRY4 (Prop_carry4_CI_O[0])
                                                      0.222    11.221 r  uut/pre_add_reg0_carry__0/O[0]
                         net (fo=1, routed)           0.429    11.650    uut/data1[4]
    SLICE_X14Y41         LUT3 (Prop_lut3_I2_O)        0.299    11.949 r  uut/pre_add_reg[4]_i_1/O
                         net (fo=1, routed)           0.000    11.949    uut/pre_add_reg[4]
    SLICE_X14Y41         FDCE                                         r  uut/pre_add_reg_reg[4]/D
  -------------------------------------------------------------------    -------------------

                         (clock sys_clk_pin rise edge)
                                                     10.000    10.000 r  
    E3                                                0.000    10.000 r  clk (IN)
                         net (fo=0)                   0.000    10.000    clk
    E3                   IBUF (Prop_ibuf_I_O)         1.411    11.411 r  clk_IBUF_inst/O
                         net (fo=1, routed)           1.920    13.331    clk_IBUF
    BUFGCTRL_X0Y16       BUFG (Prop_bufg_I_O)         0.091    13.422 r  clk_IBUF_BUFG_inst/O
                         net (fo=1003, routed)        1.691    15.113    uut/clk_IBUF_BUFG
    SLICE_X14Y41         FDCE                                         r  uut/pre_add_reg_reg[4]/C
                         clock pessimism              0.283    15.397    
                         clock uncertainty           -0.035    15.361    
    SLICE_X14Y41         FDCE (Setup_fdce_C_D)        0.077    15.438    uut/pre_add_reg_reg[4]
  -------------------------------------------------------------------
                         required time                         15.438    
                         arrival time                         -11.949    
  -------------------------------------------------------------------
                         slack                                  3.490    





Min Delay Paths
--------------------------------------------------------------------------------------
Slack (MET) :             0.056ns  (arrival time - required time)
  Source:                 uut/data_out_reg[1]/C
                            (rising edge-triggered cell FDCE clocked by sys_clk_pin  {rise@0.000ns fall@5.000ns period=10.000ns})
  Destination:            output_ram_reg/DIADI[1]
                            (rising edge-triggered cell RAMB18E1 clocked by sys_clk_pin  {rise@0.000ns fall@5.000ns period=10.000ns})
  Path Group:             sys_clk_pin
  Path Type:              Hold (Min at Fast Process Corner)
  Requirement:            0.000ns  (sys_clk_pin rise@0.000ns - sys_clk_pin rise@0.000ns)
  Data Path Delay:        0.271ns  (logic 0.164ns (60.558%)  route 0.107ns (39.442%))
  Logic Levels:           0  
  Clock Path Skew:        0.059ns (DCD - SCD - CPR)
    Destination Clock Delay (DCD):    2.124ns
    Source Clock Delay      (SCD):    1.561ns
    Clock Pessimism Removal (CPR):    0.504ns

    Location             Delay type                Incr(ns)  Path(ns)    Netlist Resource(s)
  -------------------------------------------------------------------    -------------------
                         (clock sys_clk_pin rise edge)
                                                      0.000     0.000 r  
    E3                                                0.000     0.000 r  clk (IN)
                         net (fo=0)                   0.000     0.000    clk
    E3                   IBUF (Prop_ibuf_I_O)         0.250     0.250 r  clk_IBUF_inst/O
                         net (fo=1, routed)           0.644     0.894    clk_IBUF
    BUFGCTRL_X0Y16       BUFG (Prop_bufg_I_O)         0.026     0.920 r  clk_IBUF_BUFG_inst/O
                         net (fo=1003, routed)        0.641     1.561    uut/clk_IBUF_BUFG
    SLICE_X8Y45          FDCE                                         r  uut/data_out_reg[1]/C
  -------------------------------------------------------------------    -------------------
    SLICE_X8Y45          FDCE (Prop_fdce_C_Q)         0.164     1.725 r  uut/data_out_reg[1]/Q
                         net (fo=1, routed)           0.107     1.832    filter_data_out[1]
    RAMB18_X0Y18         RAMB18E1                                     r  output_ram_reg/DIADI[1]
  -------------------------------------------------------------------    -------------------

                         (clock sys_clk_pin rise edge)
                                                      0.000     0.000 r  
    E3                                                0.000     0.000 r  clk (IN)
                         net (fo=0)                   0.000     0.000    clk
    E3                   IBUF (Prop_ibuf_I_O)         0.438     0.438 r  clk_IBUF_inst/O
                         net (fo=1, routed)           0.699     1.136    clk_IBUF
    BUFGCTRL_X0Y16       BUFG (Prop_bufg_I_O)         0.029     1.165 r  clk_IBUF_BUFG_inst/O
                         net (fo=1003, routed)        0.959     2.124    clk_IBUF_BUFG
    RAMB18_X0Y18         RAMB18E1                                     r  output_ram_reg/CLKARDCLK
                         clock pessimism             -0.504     1.620    
    RAMB18_X0Y18         RAMB18E1 (Hold_ramb18e1_CLKARDCLK_DIADI[1])
                                                      0.155     1.775    output_ram_reg
  -------------------------------------------------------------------
                         required time                         -1.775    
                         arrival time                           1.832    
  -------------------------------------------------------------------
                         slack                                  0.056    

Slack (MET) :             0.056ns  (arrival time - required time)
  Source:                 uut/data_out_reg[2]/C
                            (rising edge-triggered cell FDCE clocked by sys_clk_pin  {rise@0.000ns fall@5.000ns period=10.000ns})
  Destination:            output_ram_reg/DIADI[2]
                            (rising edge-triggered cell RAMB18E1 clocked by sys_clk_pin  {rise@0.000ns fall@5.000ns period=10.000ns})
  Path Group:             sys_clk_pin
  Path Type:              Hold (Min at Fast Process Corner)
  Requirement:            0.000ns  (sys_clk_pin rise@0.000ns - sys_clk_pin rise@0.000ns)
  Data Path Delay:        0.271ns  (logic 0.164ns (60.558%)  route 0.107ns (39.442%))
  Logic Levels:           0  
  Clock Path Skew:        0.059ns (DCD - SCD - CPR)
    Destination Clock Delay (DCD):    2.124ns
    Source Clock Delay      (SCD):    1.561ns
    Clock Pessimism Removal (CPR):    0.504ns

    Location             Delay type                Incr(ns)  Path(ns)    Netlist Resource(s)
  -------------------------------------------------------------------    -------------------
                         (clock sys_clk_pin rise edge)
                                                      0.000     0.000 r  
    E3                                                0.000     0.000 r  clk (IN)
                         net (fo=0)                   0.000     0.000    clk
    E3                   IBUF (Prop_ibuf_I_O)         0.250     0.250 r  clk_IBUF_inst/O
                         net (fo=1, routed)           0.644     0.894    clk_IBUF
    BUFGCTRL_X0Y16       BUFG (Prop_bufg_I_O)         0.026     0.920 r  clk_IBUF_BUFG_inst/O
                         net (fo=1003, routed)        0.641     1.561    uut/clk_IBUF_BUFG
    SLICE_X8Y45          FDCE                                         r  uut/data_out_reg[2]/C
  -------------------------------------------------------------------    -------------------
    SLICE_X8Y45          FDCE (Prop_fdce_C_Q)         0.164     1.725 r  uut/data_out_reg[2]/Q
                         net (fo=1, routed)           0.107     1.832    filter_data_out[2]
    RAMB18_X0Y18         RAMB18E1                                     r  output_ram_reg/DIADI[2]
  -------------------------------------------------------------------    -------------------

                         (clock sys_clk_pin rise edge)
                                                      0.000     0.000 r  
    E3                                                0.000     0.000 r  clk (IN)
                         net (fo=0)                   0.000     0.000    clk
    E3                   IBUF (Prop_ibuf_I_O)         0.438     0.438 r  clk_IBUF_inst/O
                         net (fo=1, routed)           0.699     1.136    clk_IBUF
    BUFGCTRL_X0Y16       BUFG (Prop_bufg_I_O)         0.029     1.165 r  clk_IBUF_BUFG_inst/O
                         net (fo=1003, routed)        0.959     2.124    clk_IBUF_BUFG
    RAMB18_X0Y18         RAMB18E1                                     r  output_ram_reg/CLKARDCLK
                         clock pessimism             -0.504     1.620    
    RAMB18_X0Y18         RAMB18E1 (Hold_ramb18e1_CLKARDCLK_DIADI[2])
                                                      0.155     1.775    output_ram_reg
  -------------------------------------------------------------------
                         required time                         -1.775    
                         arrival time                           1.832    
  -------------------------------------------------------------------
                         slack                                  0.056    

Slack (MET) :             0.096ns  (arrival time - required time)
  Source:                 uut/data_out_reg[7]/C
                            (rising edge-triggered cell FDCE clocked by sys_clk_pin  {rise@0.000ns fall@5.000ns period=10.000ns})
  Destination:            output_ram_reg/DIADI[7]
                            (rising edge-triggered cell RAMB18E1 clocked by sys_clk_pin  {rise@0.000ns fall@5.000ns period=10.000ns})
  Path Group:             sys_clk_pin
  Path Type:              Hold (Min at Fast Process Corner)
  Requirement:            0.000ns  (sys_clk_pin rise@0.000ns - sys_clk_pin rise@0.000ns)
  Data Path Delay:        0.258ns  (logic 0.148ns (57.472%)  route 0.110ns (42.528%))
  Logic Levels:           0  
  Clock Path Skew:        0.059ns (DCD - SCD - CPR)
    Destination Clock Delay (DCD):    2.124ns
    Source Clock Delay      (SCD):    1.561ns
    Clock Pessimism Removal (CPR):    0.504ns

    Location             Delay type                Incr(ns)  Path(ns)    Netlist Resource(s)
  -------------------------------------------------------------------    -------------------
                         (clock sys_clk_pin rise edge)
                                                      0.000     0.000 r  
    E3                                                0.000     0.000 r  clk (IN)
                         net (fo=0)                   0.000     0.000    clk
    E3                   IBUF (Prop_ibuf_I_O)         0.250     0.250 r  clk_IBUF_inst/O
                         net (fo=1, routed)           0.644     0.894    clk_IBUF
    BUFGCTRL_X0Y16       BUFG (Prop_bufg_I_O)         0.026     0.920 r  clk_IBUF_BUFG_inst/O
                         net (fo=1003, routed)        0.641     1.561    uut/clk_IBUF_BUFG
    SLICE_X8Y46          FDCE                                         r  uut/data_out_reg[7]/C
  -------------------------------------------------------------------    -------------------
    SLICE_X8Y46          FDCE (Prop_fdce_C_Q)         0.148     1.709 r  uut/data_out_reg[7]/Q
                         net (fo=1, routed)           0.110     1.818    filter_data_out[7]
    RAMB18_X0Y18         RAMB18E1                                     r  output_ram_reg/DIADI[7]
  -------------------------------------------------------------------    -------------------

                         (clock sys_clk_pin rise edge)
                                                      0.000     0.000 r  
    E3                                                0.000     0.000 r  clk (IN)
                         net (fo=0)                   0.000     0.000    clk
    E3                   IBUF (Prop_ibuf_I_O)         0.438     0.438 r  clk_IBUF_inst/O
                         net (fo=1, routed)           0.699     1.136    clk_IBUF
    BUFGCTRL_X0Y16       BUFG (Prop_bufg_I_O)         0.029     1.165 r  clk_IBUF_BUFG_inst/O
                         net (fo=1003, routed)        0.959     2.124    clk_IBUF_BUFG
    RAMB18_X0Y18         RAMB18E1                                     r  output_ram_reg/CLKARDCLK
                         clock pessimism             -0.504     1.620    
    RAMB18_X0Y18         RAMB18E1 (Hold_ramb18e1_CLKARDCLK_DIADI[7])
                                                      0.102     1.722    output_ram_reg
  -------------------------------------------------------------------
                         required time                         -1.722    
                         arrival time                           1.818    
  -------------------------------------------------------------------
                         slack                                  0.096    

Slack (MET) :             0.097ns  (arrival time - required time)
  Source:                 uut/data_out_reg[5]/C
                            (rising edge-triggered cell FDCE clocked by sys_clk_pin  {rise@0.000ns fall@5.000ns period=10.000ns})
  Destination:            output_ram_reg/DIADI[5]
                            (rising edge-triggered cell RAMB18E1 clocked by sys_clk_pin  {rise@0.000ns fall@5.000ns period=10.000ns})
  Path Group:             sys_clk_pin
  Path Type:              Hold (Min at Fast Process Corner)
  Requirement:            0.000ns  (sys_clk_pin rise@0.000ns - sys_clk_pin rise@0.000ns)
  Data Path Delay:        0.258ns  (logic 0.148ns (57.307%)  route 0.110ns (42.693%))
  Logic Levels:           0  
  Clock Path Skew:        0.059ns (DCD - SCD - CPR)
    Destination Clock Delay (DCD):    2.124ns
    Source Clock Delay      (SCD):    1.561ns
    Clock Pessimism Removal (CPR):    0.504ns

    Location             Delay type                Incr(ns)  Path(ns)    Netlist Resource(s)
  -------------------------------------------------------------------    -------------------
                         (clock sys_clk_pin rise edge)
                                                      0.000     0.000 r  
    E3                                                0.000     0.000 r  clk (IN)
                         net (fo=0)                   0.000     0.000    clk
    E3                   IBUF (Prop_ibuf_I_O)         0.250     0.250 r  clk_IBUF_inst/O
                         net (fo=1, routed)           0.644     0.894    clk_IBUF
    BUFGCTRL_X0Y16       BUFG (Prop_bufg_I_O)         0.026     0.920 r  clk_IBUF_BUFG_inst/O
                         net (fo=1003, routed)        0.641     1.561    uut/clk_IBUF_BUFG
    SLICE_X8Y46          FDCE                                         r  uut/data_out_reg[5]/C
  -------------------------------------------------------------------    -------------------
    SLICE_X8Y46          FDCE (Prop_fdce_C_Q)         0.148     1.709 r  uut/data_out_reg[5]/Q
                         net (fo=1, routed)           0.110     1.819    filter_data_out[5]
    RAMB18_X0Y18         RAMB18E1                                     r  output_ram_reg/DIADI[5]
  -------------------------------------------------------------------    -------------------

                         (clock sys_clk_pin rise edge)
                                                      0.000     0.000 r  
    E3                                                0.000     0.000 r  clk (IN)
                         net (fo=0)                   0.000     0.000    clk
    E3                   IBUF (Prop_ibuf_I_O)         0.438     0.438 r  clk_IBUF_inst/O
                         net (fo=1, routed)           0.699     1.136    clk_IBUF
    BUFGCTRL_X0Y16       BUFG (Prop_bufg_I_O)         0.029     1.165 r  clk_IBUF_BUFG_inst/O
                         net (fo=1003, routed)        0.959     2.124    clk_IBUF_BUFG
    RAMB18_X0Y18         RAMB18E1                                     r  output_ram_reg/CLKARDCLK
                         clock pessimism             -0.504     1.620    
    RAMB18_X0Y18         RAMB18E1 (Hold_ramb18e1_CLKARDCLK_DIADI[5])
                                                      0.102     1.722    output_ram_reg
  -------------------------------------------------------------------
                         required time                         -1.722    
                         arrival time                           1.819    
  -------------------------------------------------------------------
                         slack                                  0.097    

Slack (MET) :             0.098ns  (arrival time - required time)
  Source:                 uut/data_out_reg[3]/C
                            (rising edge-triggered cell FDCE clocked by sys_clk_pin  {rise@0.000ns fall@5.000ns period=10.000ns})
  Destination:            output_ram_reg/DIADI[3]
                            (rising edge-triggered cell RAMB18E1 clocked by sys_clk_pin  {rise@0.000ns fall@5.000ns period=10.000ns})
  Path Group:             sys_clk_pin
  Path Type:              Hold (Min at Fast Process Corner)
  Requirement:            0.000ns  (sys_clk_pin rise@0.000ns - sys_clk_pin rise@0.000ns)
  Data Path Delay:        0.259ns  (logic 0.148ns (57.086%)  route 0.111ns (42.914%))
  Logic Levels:           0  
  Clock Path Skew:        0.059ns (DCD - SCD - CPR)
    Destination Clock Delay (DCD):    2.124ns
    Source Clock Delay      (SCD):    1.561ns
    Clock Pessimism Removal (CPR):    0.504ns

    Location             Delay type                Incr(ns)  Path(ns)    Netlist Resource(s)
  -------------------------------------------------------------------    -------------------
                         (clock sys_clk_pin rise edge)
                                                      0.000     0.000 r  
    E3                                                0.000     0.000 r  clk (IN)
                         net (fo=0)                   0.000     0.000    clk
    E3                   IBUF (Prop_ibuf_I_O)         0.250     0.250 r  clk_IBUF_inst/O
                         net (fo=1, routed)           0.644     0.894    clk_IBUF
    BUFGCTRL_X0Y16       BUFG (Prop_bufg_I_O)         0.026     0.920 r  clk_IBUF_BUFG_inst/O
                         net (fo=1003, routed)        0.641     1.561    uut/clk_IBUF_BUFG
    SLICE_X8Y45          FDCE                                         r  uut/data_out_reg[3]/C
  -------------------------------------------------------------------    -------------------
    SLICE_X8Y45          FDCE (Prop_fdce_C_Q)         0.148     1.709 r  uut/data_out_reg[3]/Q
                         net (fo=1, routed)           0.111     1.820    filter_data_out[3]
    RAMB18_X0Y18         RAMB18E1                                     r  output_ram_reg/DIADI[3]
  -------------------------------------------------------------------    -------------------

                         (clock sys_clk_pin rise edge)
                                                      0.000     0.000 r  
    E3                                                0.000     0.000 r  clk (IN)
                         net (fo=0)                   0.000     0.000    clk
    E3                   IBUF (Prop_ibuf_I_O)         0.438     0.438 r  clk_IBUF_inst/O
                         net (fo=1, routed)           0.699     1.136    clk_IBUF
    BUFGCTRL_X0Y16       BUFG (Prop_bufg_I_O)         0.029     1.165 r  clk_IBUF_BUFG_inst/O
                         net (fo=1003, routed)        0.959     2.124    clk_IBUF_BUFG
    RAMB18_X0Y18         RAMB18E1                                     r  output_ram_reg/CLKARDCLK
                         clock pessimism             -0.504     1.620    
    RAMB18_X0Y18         RAMB18E1 (Hold_ramb18e1_CLKARDCLK_DIADI[3])
                                                      0.102     1.722    output_ram_reg
  -------------------------------------------------------------------
                         required time                         -1.722    
                         arrival time                           1.820    
  -------------------------------------------------------------------
                         slack                                  0.098    

Slack (MET) :             0.098ns  (arrival time - required time)
  Source:                 uut/data_out_reg[8]/C
                            (rising edge-triggered cell FDCE clocked by sys_clk_pin  {rise@0.000ns fall@5.000ns period=10.000ns})
  Destination:            output_ram_reg/DIADI[8]
                            (rising edge-triggered cell RAMB18E1 clocked by sys_clk_pin  {rise@0.000ns fall@5.000ns period=10.000ns})
  Path Group:             sys_clk_pin
  Path Type:              Hold (Min at Fast Process Corner)
  Requirement:            0.000ns  (sys_clk_pin rise@0.000ns - sys_clk_pin rise@0.000ns)
  Data Path Delay:        0.259ns  (logic 0.148ns (57.086%)  route 0.111ns (42.914%))
  Logic Levels:           0  
  Clock Path Skew:        0.059ns (DCD - SCD - CPR)
    Destination Clock Delay (DCD):    2.124ns
    Source Clock Delay      (SCD):    1.561ns
    Clock Pessimism Removal (CPR):    0.504ns

    Location             Delay type                Incr(ns)  Path(ns)    Netlist Resource(s)
  -------------------------------------------------------------------    -------------------
                         (clock sys_clk_pin rise edge)
                                                      0.000     0.000 r  
    E3                                                0.000     0.000 r  clk (IN)
                         net (fo=0)                   0.000     0.000    clk
    E3                   IBUF (Prop_ibuf_I_O)         0.250     0.250 r  clk_IBUF_inst/O
                         net (fo=1, routed)           0.644     0.894    clk_IBUF
    BUFGCTRL_X0Y16       BUFG (Prop_bufg_I_O)         0.026     0.920 r  clk_IBUF_BUFG_inst/O
                         net (fo=1003, routed)        0.641     1.561    uut/clk_IBUF_BUFG
    SLICE_X8Y45          FDCE                                         r  uut/data_out_reg[8]/C
  -------------------------------------------------------------------    -------------------
    SLICE_X8Y45          FDCE (Prop_fdce_C_Q)         0.148     1.709 r  uut/data_out_reg[8]/Q
                         net (fo=1, routed)           0.111     1.820    filter_data_out[8]
    RAMB18_X0Y18         RAMB18E1                                     r  output_ram_reg/DIADI[8]
  -------------------------------------------------------------------    -------------------

                         (clock sys_clk_pin rise edge)
                                                      0.000     0.000 r  
    E3                                                0.000     0.000 r  clk (IN)
                         net (fo=0)                   0.000     0.000    clk
    E3                   IBUF (Prop_ibuf_I_O)         0.438     0.438 r  clk_IBUF_inst/O
                         net (fo=1, routed)           0.699     1.136    clk_IBUF
    BUFGCTRL_X0Y16       BUFG (Prop_bufg_I_O)         0.029     1.165 r  clk_IBUF_BUFG_inst/O
                         net (fo=1003, routed)        0.959     2.124    clk_IBUF_BUFG
    RAMB18_X0Y18         RAMB18E1                                     r  output_ram_reg/CLKARDCLK
                         clock pessimism             -0.504     1.620    
    RAMB18_X0Y18         RAMB18E1 (Hold_ramb18e1_CLKARDCLK_DIADI[8])
                                                      0.102     1.722    output_ram_reg
  -------------------------------------------------------------------
                         required time                         -1.722    
                         arrival time                           1.820    
  -------------------------------------------------------------------
                         slack                                  0.098    

Slack (MET) :             0.098ns  (arrival time - required time)
  Source:                 uut/data_out_reg[6]/C
                            (rising edge-triggered cell FDCE clocked by sys_clk_pin  {rise@0.000ns fall@5.000ns period=10.000ns})
  Destination:            output_ram_reg/DIADI[6]
                            (rising edge-triggered cell RAMB18E1 clocked by sys_clk_pin  {rise@0.000ns fall@5.000ns period=10.000ns})
  Path Group:             sys_clk_pin
  Path Type:              Hold (Min at Fast Process Corner)
  Requirement:            0.000ns  (sys_clk_pin rise@0.000ns - sys_clk_pin rise@0.000ns)
  Data Path Delay:        0.259ns  (logic 0.148ns (57.184%)  route 0.111ns (42.816%))
  Logic Levels:           0  
  Clock Path Skew:        0.059ns (DCD - SCD - CPR)
    Destination Clock Delay (DCD):    2.124ns
    Source Clock Delay      (SCD):    1.561ns
    Clock Pessimism Removal (CPR):    0.504ns

    Location             Delay type                Incr(ns)  Path(ns)    Netlist Resource(s)
  -------------------------------------------------------------------    -------------------
                         (clock sys_clk_pin rise edge)
                                                      0.000     0.000 r  
    E3                                                0.000     0.000 r  clk (IN)
                         net (fo=0)                   0.000     0.000    clk
    E3                   IBUF (Prop_ibuf_I_O)         0.250     0.250 r  clk_IBUF_inst/O
                         net (fo=1, routed)           0.644     0.894    clk_IBUF
    BUFGCTRL_X0Y16       BUFG (Prop_bufg_I_O)         0.026     0.920 r  clk_IBUF_BUFG_inst/O
                         net (fo=1003, routed)        0.641     1.561    uut/clk_IBUF_BUFG
    SLICE_X8Y46          FDCE                                         r  uut/data_out_reg[6]/C
  -------------------------------------------------------------------    -------------------
    SLICE_X8Y46          FDCE (Prop_fdce_C_Q)         0.148     1.709 r  uut/data_out_reg[6]/Q
                         net (fo=1, routed)           0.111     1.820    filter_data_out[6]
    RAMB18_X0Y18         RAMB18E1                                     r  output_ram_reg/DIADI[6]
  -------------------------------------------------------------------    -------------------

                         (clock sys_clk_pin rise edge)
                                                      0.000     0.000 r  
    E3                                                0.000     0.000 r  clk (IN)
                         net (fo=0)                   0.000     0.000    clk
    E3                   IBUF (Prop_ibuf_I_O)         0.438     0.438 r  clk_IBUF_inst/O
                         net (fo=1, routed)           0.699     1.136    clk_IBUF
    BUFGCTRL_X0Y16       BUFG (Prop_bufg_I_O)         0.029     1.165 r  clk_IBUF_BUFG_inst/O
                         net (fo=1003, routed)        0.959     2.124    clk_IBUF_BUFG
    RAMB18_X0Y18         RAMB18E1                                     r  output_ram_reg/CLKARDCLK
                         clock pessimism             -0.504     1.620    
    RAMB18_X0Y18         RAMB18E1 (Hold_ramb18e1_CLKARDCLK_DIADI[6])
                                                      0.101     1.721    output_ram_reg
  -------------------------------------------------------------------
                         required time                         -1.721    
                         arrival time                           1.820    
  -------------------------------------------------------------------
                         slack                                  0.098    

Slack (MET) :             0.109ns  (arrival time - required time)
  Source:                 uut/data_out_reg[12]/C
                            (rising edge-triggered cell FDCE clocked by sys_clk_pin  {rise@0.000ns fall@5.000ns period=10.000ns})
  Destination:            output_ram_reg/DIADI[12]
                            (rising edge-triggered cell RAMB18E1 clocked by sys_clk_pin  {rise@0.000ns fall@5.000ns period=10.000ns})
  Path Group:             sys_clk_pin
  Path Type:              Hold (Min at Fast Process Corner)
  Requirement:            0.000ns  (sys_clk_pin rise@0.000ns - sys_clk_pin rise@0.000ns)
  Data Path Delay:        0.324ns  (logic 0.164ns (50.625%)  route 0.160ns (49.375%))
  Logic Levels:           0  
  Clock Path Skew:        0.059ns (DCD - SCD - CPR)
    Destination Clock Delay (DCD):    2.124ns
    Source Clock Delay      (SCD):    1.561ns
    Clock Pessimism Removal (CPR):    0.504ns

    Location             Delay type                Incr(ns)  Path(ns)    Netlist Resource(s)
  -------------------------------------------------------------------    -------------------
                         (clock sys_clk_pin rise edge)
                                                      0.000     0.000 r  
    E3                                                0.000     0.000 r  clk (IN)
                         net (fo=0)                   0.000     0.000    clk
    E3                   IBUF (Prop_ibuf_I_O)         0.250     0.250 r  clk_IBUF_inst/O
                         net (fo=1, routed)           0.644     0.894    clk_IBUF
    BUFGCTRL_X0Y16       BUFG (Prop_bufg_I_O)         0.026     0.920 r  clk_IBUF_BUFG_inst/O
                         net (fo=1003, routed)        0.641     1.561    uut/clk_IBUF_BUFG
    SLICE_X8Y46          FDCE                                         r  uut/data_out_reg[12]/C
  -------------------------------------------------------------------    -------------------
    SLICE_X8Y46          FDCE (Prop_fdce_C_Q)         0.164     1.725 r  uut/data_out_reg[12]/Q
                         net (fo=1, routed)           0.160     1.885    filter_data_out[12]
    RAMB18_X0Y18         RAMB18E1                                     r  output_ram_reg/DIADI[12]
  -------------------------------------------------------------------    -------------------

                         (clock sys_clk_pin rise edge)
                                                      0.000     0.000 r  
    E3                                                0.000     0.000 r  clk (IN)
                         net (fo=0)                   0.000     0.000    clk
    E3                   IBUF (Prop_ibuf_I_O)         0.438     0.438 r  clk_IBUF_inst/O
                         net (fo=1, routed)           0.699     1.136    clk_IBUF
    BUFGCTRL_X0Y16       BUFG (Prop_bufg_I_O)         0.029     1.165 r  clk_IBUF_BUFG_inst/O
                         net (fo=1003, routed)        0.959     2.124    clk_IBUF_BUFG
    RAMB18_X0Y18         RAMB18E1                                     r  output_ram_reg/CLKARDCLK
                         clock pessimism             -0.504     1.620    
    RAMB18_X0Y18         RAMB18E1 (Hold_ramb18e1_CLKARDCLK_DIADI[12])
                                                      0.155     1.775    output_ram_reg
  -------------------------------------------------------------------
                         required time                         -1.775    
                         arrival time                           1.885    
  -------------------------------------------------------------------
                         slack                                  0.109    

Slack (MET) :             0.109ns  (arrival time - required time)
  Source:                 uut/data_out_reg[13]/C
                            (rising edge-triggered cell FDCE clocked by sys_clk_pin  {rise@0.000ns fall@5.000ns period=10.000ns})
  Destination:            output_ram_reg/DIADI[13]
                            (rising edge-triggered cell RAMB18E1 clocked by sys_clk_pin  {rise@0.000ns fall@5.000ns period=10.000ns})
  Path Group:             sys_clk_pin
  Path Type:              Hold (Min at Fast Process Corner)
  Requirement:            0.000ns  (sys_clk_pin rise@0.000ns - sys_clk_pin rise@0.000ns)
  Data Path Delay:        0.324ns  (logic 0.164ns (50.625%)  route 0.160ns (49.375%))
  Logic Levels:           0  
  Clock Path Skew:        0.059ns (DCD - SCD - CPR)
    Destination Clock Delay (DCD):    2.124ns
    Source Clock Delay      (SCD):    1.561ns
    Clock Pessimism Removal (CPR):    0.504ns

    Location             Delay type                Incr(ns)  Path(ns)    Netlist Resource(s)
  -------------------------------------------------------------------    -------------------
                         (clock sys_clk_pin rise edge)
                                                      0.000     0.000 r  
    E3                                                0.000     0.000 r  clk (IN)
                         net (fo=0)                   0.000     0.000    clk
    E3                   IBUF (Prop_ibuf_I_O)         0.250     0.250 r  clk_IBUF_inst/O
                         net (fo=1, routed)           0.644     0.894    clk_IBUF
    BUFGCTRL_X0Y16       BUFG (Prop_bufg_I_O)         0.026     0.920 r  clk_IBUF_BUFG_inst/O
                         net (fo=1003, routed)        0.641     1.561    uut/clk_IBUF_BUFG
    SLICE_X8Y46          FDCE                                         r  uut/data_out_reg[13]/C
  -------------------------------------------------------------------    -------------------
    SLICE_X8Y46          FDCE (Prop_fdce_C_Q)         0.164     1.725 r  uut/data_out_reg[13]/Q
                         net (fo=1, routed)           0.160     1.885    filter_data_out[13]
    RAMB18_X0Y18         RAMB18E1                                     r  output_ram_reg/DIADI[13]
  -------------------------------------------------------------------    -------------------

                         (clock sys_clk_pin rise edge)
                                                      0.000     0.000 r  
    E3                                                0.000     0.000 r  clk (IN)
                         net (fo=0)                   0.000     0.000    clk
    E3                   IBUF (Prop_ibuf_I_O)         0.438     0.438 r  clk_IBUF_inst/O
                         net (fo=1, routed)           0.699     1.136    clk_IBUF
    BUFGCTRL_X0Y16       BUFG (Prop_bufg_I_O)         0.029     1.165 r  clk_IBUF_BUFG_inst/O
                         net (fo=1003, routed)        0.959     2.124    clk_IBUF_BUFG
    RAMB18_X0Y18         RAMB18E1                                     r  output_ram_reg/CLKARDCLK
                         clock pessimism             -0.504     1.620    
    RAMB18_X0Y18         RAMB18E1 (Hold_ramb18e1_CLKARDCLK_DIADI[13])
                                                      0.155     1.775    output_ram_reg
  -------------------------------------------------------------------
                         required time                         -1.775    
                         arrival time                           1.885    
  -------------------------------------------------------------------
                         slack                                  0.109    

Slack (MET) :             0.110ns  (arrival time - required time)
  Source:                 uut/data_out_reg[10]/C
                            (rising edge-triggered cell FDCE clocked by sys_clk_pin  {rise@0.000ns fall@5.000ns period=10.000ns})
  Destination:            output_ram_reg/DIADI[10]
                            (rising edge-triggered cell RAMB18E1 clocked by sys_clk_pin  {rise@0.000ns fall@5.000ns period=10.000ns})
  Path Group:             sys_clk_pin
  Path Type:              Hold (Min at Fast Process Corner)
  Requirement:            0.000ns  (sys_clk_pin rise@0.000ns - sys_clk_pin rise@0.000ns)
  Data Path Delay:        0.325ns  (logic 0.164ns (50.510%)  route 0.161ns (49.490%))
  Logic Levels:           0  
  Clock Path Skew:        0.059ns (DCD - SCD - CPR)
    Destination Clock Delay (DCD):    2.124ns
    Source Clock Delay      (SCD):    1.561ns
    Clock Pessimism Removal (CPR):    0.504ns

    Location             Delay type                Incr(ns)  Path(ns)    Netlist Resource(s)
  -------------------------------------------------------------------    -------------------
                         (clock sys_clk_pin rise edge)
                                                      0.000     0.000 r  
    E3                                                0.000     0.000 r  clk (IN)
                         net (fo=0)                   0.000     0.000    clk
    E3                   IBUF (Prop_ibuf_I_O)         0.250     0.250 r  clk_IBUF_inst/O
                         net (fo=1, routed)           0.644     0.894    clk_IBUF
    BUFGCTRL_X0Y16       BUFG (Prop_bufg_I_O)         0.026     0.920 r  clk_IBUF_BUFG_inst/O
                         net (fo=1003, routed)        0.641     1.561    uut/clk_IBUF_BUFG
    SLICE_X8Y45          FDCE                                         r  uut/data_out_reg[10]/C
  -------------------------------------------------------------------    -------------------
    SLICE_X8Y45          FDCE (Prop_fdce_C_Q)         0.164     1.725 r  uut/data_out_reg[10]/Q
                         net (fo=1, routed)           0.161     1.886    filter_data_out[10]
    RAMB18_X0Y18         RAMB18E1                                     r  output_ram_reg/DIADI[10]
  -------------------------------------------------------------------    -------------------

                         (clock sys_clk_pin rise edge)
                                                      0.000     0.000 r  
    E3                                                0.000     0.000 r  clk (IN)
                         net (fo=0)                   0.000     0.000    clk
    E3                   IBUF (Prop_ibuf_I_O)         0.438     0.438 r  clk_IBUF_inst/O
                         net (fo=1, routed)           0.699     1.136    clk_IBUF
    BUFGCTRL_X0Y16       BUFG (Prop_bufg_I_O)         0.029     1.165 r  clk_IBUF_BUFG_inst/O
                         net (fo=1003, routed)        0.959     2.124    clk_IBUF_BUFG
    RAMB18_X0Y18         RAMB18E1                                     r  output_ram_reg/CLKARDCLK
                         clock pessimism             -0.504     1.620    
    RAMB18_X0Y18         RAMB18E1 (Hold_ramb18e1_CLKARDCLK_DIADI[10])
                                                      0.155     1.775    output_ram_reg
  -------------------------------------------------------------------
                         required time                         -1.775    
                         arrival time                           1.886    
  -------------------------------------------------------------------
                         slack                                  0.110    





Pulse Width Checks
--------------------------------------------------------------------------------------
Clock Name:         sys_clk_pin
Waveform(ns):       { 0.000 5.000 }
Period(ns):         10.000
Sources:            { clk }

Check Type        Corner  Lib Pin             Reference Pin  Required(ns)  Actual(ns)  Slack(ns)  Location        Pin
Min Period        n/a     RAMB18E1/CLKARDCLK  n/a            2.944         10.000      7.056      RAMB18_X0Y18    output_ram_reg/CLKARDCLK
Min Period        n/a     RAMB18E1/CLKBWRCLK  n/a            2.576         10.000      7.424      RAMB18_X0Y18    output_ram_reg/CLKBWRCLK
Min Period        n/a     BUFG/I              n/a            2.155         10.000      7.845      BUFGCTRL_X0Y16  clk_IBUF_BUFG_inst/I
Min Period        n/a     DSP48E1/CLK         n/a            2.154         10.000      7.846      DSP48_X0Y16     uut/mult_reg0/CLK
Min Period        n/a     FDCE/C              n/a            1.000         10.000      9.000      SLICE_X11Y43    accum_reg_reg[0]_i_10/C
Min Period        n/a     FDCE/C              n/a            1.000         10.000      9.000      SLICE_X5Y46     data_valid_in_reg/C
Min Period        n/a     FDCE/C              n/a            1.000         10.000      9.000      SLICE_X11Y43    uut/pipe_valid_reg[0]/C
Min Period        n/a     FDCE/C              n/a            1.000         10.000      9.000      SLICE_X11Y43    uut/pipe_valid_reg[1]/C
Min Period        n/a     FDCE/C              n/a            1.000         10.000      9.000      SLICE_X11Y43    uut/pipe_valid_reg[2]/C
Min Period        n/a     FDCE/C              n/a            1.000         10.000      9.000      SLICE_X21Y41    uut/shift_reg_reg[30][4]/C
Low Pulse Width   Slow    FDCE/C              n/a            0.500         5.000       4.500      SLICE_X21Y41    uut/shift_reg_reg[30][4]/C
Low Pulse Width   Slow    FDCE/C              n/a            0.500         5.000       4.500      SLICE_X9Y34     uut/shift_reg_reg[30][8]/C
Low Pulse Width   Slow    FDCE/C              n/a            0.500         5.000       4.500      SLICE_X14Y34    uut/shift_reg_reg[31][0]/C
Low Pulse Width   Slow    FDCE/C              n/a            0.500         5.000       4.500      SLICE_X18Y33    uut/shift_reg_reg[31][1]/C
Low Pulse Width   Slow    FDCE/C              n/a            0.500         5.000       4.500      SLICE_X26Y41    uut/shift_reg_reg[31][2]/C
Low Pulse Width   Slow    FDCE/C              n/a            0.500         5.000       4.500      SLICE_X21Y38    uut/shift_reg_reg[31][3]/C
Low Pulse Width   Slow    FDCE/C              n/a            0.500         5.000       4.500      SLICE_X21Y41    uut/shift_reg_reg[31][4]/C
Low Pulse Width   Slow    FDCE/C              n/a            0.500         5.000       4.500      SLICE_X9Y34     uut/shift_reg_reg[31][8]/C
Low Pulse Width   Slow    FDCE/C              n/a            0.500         5.000       4.500      SLICE_X5Y37     uut/shift_reg_reg[31][9]/C
Low Pulse Width   Slow    FDCE/C              n/a            0.500         5.000       4.500      SLICE_X19Y33    uut/shift_reg_reg[32][1]/C
High Pulse Width  Slow    FDCE/C              n/a            0.500         5.000       4.500      SLICE_X5Y46     data_valid_in_reg/C
High Pulse Width  Slow    FDCE/C              n/a            0.500         5.000       4.500      SLICE_X20Y47    uut/shift_reg_reg[30][6]/C
High Pulse Width  Slow    FDCE/C              n/a            0.500         5.000       4.500      SLICE_X13Y39    uut/shift_reg_reg[31][10]/C
High Pulse Width  Slow    FDCE/C              n/a            0.500         5.000       4.500      SLICE_X20Y46    uut/shift_reg_reg[31][6]/C
High Pulse Width  Slow    FDCE/C              n/a            0.500         5.000       4.500      SLICE_X13Y40    uut/shift_reg_reg[32][10]/C
High Pulse Width  Slow    FDCE/C              n/a            0.500         5.000       4.500      SLICE_X20Y47    uut/shift_reg_reg[32][6]/C
High Pulse Width  Slow    FDCE/C              n/a            0.500         5.000       4.500      SLICE_X16Y40    uut/shift_reg_reg[33][10]/C
High Pulse Width  Slow    FDCE/C              n/a            0.500         5.000       4.500      SLICE_X22Y46    uut/shift_reg_reg[33][6]/C
High Pulse Width  Slow    FDCE/C              n/a            0.500         5.000       4.500      SLICE_X16Y39    uut/shift_reg_reg[34][10]/C
High Pulse Width  Slow    FDCE/C              n/a            0.500         5.000       4.500      SLICE_X22Y46    uut/shift_reg_reg[34][6]/C



